x_axis,channel_2
-4.949219,(0.048444354361736656+5.564259042122923e-18j)
-4.945313,(0.01793310183502581+4.222483977831471e-18j)
-4.941406,(0.002902643032606127+7.555015106898201e-18j)
-4.9375,(0.0017763870935919963+3.5926711925518085e-18j)
-4.933594,(0.00538205599063426+1.873008457092559e-18j)
-4.929688,(0.006352881438492469+1.8018122291913798e-18j)
-4.925781,(0.0042708865898858995-6.229669941353175e-19j)
-4.921875,(0.002920584126519994+5.693385951252037e-18j)
-4.917969,(0.004487895933768856+2.9103190398640306e-18j)
-4.914063,(0.00728494471706034+5.033471490159516e-18j)
-4.910156,(0.008265141407507285+4.167411663507652e-18j)
-4.90625,(0.00642437135889187+5.5636995951804094e-18j)
-4.902344,(0.003455337776013739+3.907245064743596e-18j)
-4.898438,(0.001821304778229799+4.177248183123927e-18j)
-4.894531,(0.0027123834426442074+9.675829785567556e-18j)
-4.890625,(0.005464599261830175+7.599814477779192e-18j)
-4.886719,(0.00826219803244581+7.356612605280849e-18j)
-4.882813,(0.009367385645529068+7.040726341116061e-18j)
-4.878906,(0.00827781022896255+7.094442968934564e-18j)
-4.875,(0.0061270476755441545+2.7408781309575822e-18j)
-4.871094,(0.0048005996289257665+2.9443091031060582e-18j)
-4.867188,(0.005318223879148593+6.035846112738039e-18j)
-4.863281,(0.007020032273807537+4.425623361748561e-18j)
-4.859375,(0.008411987020484091+3.964148412025218e-18j)
-4.855469,(0.008668542388401363+4.886448310101545e-18j)
-4.851563,(0.008097199593290702+3.7998022703805586e-18j)
-4.847656,(0.0073058791184041+3.4198801485675116e-18j)
-4.84375,(0.006435508366518268+3.800317688924452e-18j)
-4.839844,(0.005439617586787635+4.690387097789036e-18j)
-4.835938,(0.004701265951761728+3.4486488896296644e-18j)
-4.832031,(0.004813097226929697+4.486075836566807e-19j)
-4.828125,(0.005749869932924613+4.837791334876065e-18j)
-4.824219,(0.006743854177911364+3.4233898369370588e-18j)
-4.820313,(0.007209789336475184+2.3077072632252993e-18j)
-4.816406,(0.007447679339103075+5.989131590399995e-18j)
-4.8125,(0.008063214403076996+7.032173028059314e-18j)
-4.808594,(0.008905944597935563+5.990551105742471e-18j)
-4.804688,(0.009118339480977669+4.389219880739774e-18j)
-4.800781,(0.008340980419471691+7.062047495420316e-18j)
-4.796875,(0.007392769303382282+6.288737284548963e-18j)
-4.792969,(0.00738143748178411+5.201889018068587e-18j)
-4.789063,(0.008376554492964023+8.094229082004677e-18j)
-4.785156,(0.009404002602173738+7.20881740649817e-18j)
-4.78125,(0.009690252970427004+3.913903781691169e-18j)
-4.777344,(0.009415627971075232+3.526518411942596e-18j)
-4.773438,(0.00908871293178925+5.4447334967577376e-18j)
-4.769531,(0.008704454072076002+5.1807425456706335e-18j)
-4.765625,(0.0080475356793446+4.490347014878914e-18j)
-4.761719,(0.00758700919712683+3.1312586498966493e-18j)
-4.757813,(0.008316976105066586+4.332358619802218e-18j)
-4.753906,(0.01040837200083334+1.058110048986357e-18j)
-4.75,(0.012512126110988477+5.966450665555487e-19j)
-4.746094,(0.012968317687680678+3.078301457627251e-18j)
-4.742188,(0.011618917225453891+4.324513043524692e-18j)
-4.738281,(0.00995244350148938+7.022853780669068e-18j)
-4.734375,(0.00940778525248272+4.2847431938006964e-18j)
-4.730469,(0.010013658057451085+4.348297633153746e-18j)
-4.726563,(0.010932863535307919+2.042812745758493e-18j)
-4.722656,(0.011841892751849386-3.7420378121069926e-19j)
-4.71875,(0.013122355520742056-1.4385584918061245e-18j)
-4.714844,(0.014787892283135637-8.747091605116541e-19j)
-4.710938,(0.01598198860102222-9.923892334674908e-19j)
-4.707031,(0.015980417304901306-4.790872661601135e-18j)
-4.703125,(0.015303778414649255-2.9633702520461375e-18j)
-4.699219,(0.015260595689906047-2.1034701901606647e-18j)
-4.695313,(0.016455143125508703-2.7642601192384985e-18j)
-4.691406,(0.018276535800765603-2.5333735775262374e-18j)
-4.6875,(0.019955492206293356-2.971249648353654e-18j)
-4.683594,(0.021523235749379945-5.525594827192376e-18j)
-4.679688,(0.0232611384557508-8.161290837120531e-18j)
-4.675781,(0.024643574014857353-8.406213761912434e-18j)
-4.671875,(0.024738636488751384-7.6021274463721e-18j)
-4.667969,(0.023924627881781294-9.531690216576104e-18j)
-4.664063,(0.024508917906769758-5.396937134156707e-18j)
-4.660156,(0.028828736228300445-8.791109514663892e-18j)
-4.65625,(0.03666324213098294-8.158638486245425e-18j)
-4.652344,(0.045004607684710256-9.113581252167768e-18j)
-4.648438,(0.05064816829540301-9.538581935835264e-18j)
-4.644531,(0.052850160794059506-1.1315752725960807e-17j)
-4.640625,(0.053389691948131056-1.1022514142423195e-17j)
-4.636719,(0.05439538701581504-9.451940709395933e-18j)
-4.632813,(0.056437446000120906-1.2070303080242797e-17j)
-4.628906,(0.05847654547764506-1.1748440894239813e-17j)
-4.625,(0.05908608802780138-1.3585275307025924e-17j)
-4.621094,(0.057605376128950975-1.3610819282629102e-17j)
-4.617188,(0.05463593271652834-1.502320430187757e-17j)
-4.613281,(0.051863840266643264-1.3555782590371751e-17j)
-4.609375,(0.051112044260947787-9.689090791645449e-18j)
-4.605469,(0.052891467308462774-8.545508213816561e-18j)
-4.601563,(0.05567584486074763-7.016362041359719e-18j)
-4.597656,(0.057051827256963596-1.0069704285494301e-17j)
-4.59375,(0.056007958162496936-9.780086869936037e-18j)
-4.589844,(0.05394677092229992-1.0428341051056787e-17j)
-4.585938,(0.05306047118552239-8.842387096607127e-18j)
-4.582031,(0.05375178863121978-3.84505073615532e-18j)
-4.578125,(0.05414615337206549-8.579372569287927e-19j)
-4.574219,(0.05247880515998429+1.602979709172623e-18j)
-4.570313,(0.049773595853332166-2.8834580945507448e-18j)
-4.566406,(0.04974247281088201-2.1732114512921843e-18j)
-4.5625,(0.055757654008435645-4.650170536507237e-18j)
-4.558594,(0.06771970902137302-2.769008615497723e-18j)
-4.554688,(0.08164941752102794-1.5716376288237308e-18j)
-4.550781,(0.09236328151840782+1.191827953503732e-18j)
-4.546875,(0.09721929922412241+1.4332875753834779e-18j)
-4.542969,(0.09820134833469205-3.375386591533571e-18j)
-4.539063,(0.1005302598703571-3.842707923095572e-18j)
-4.535156,(0.10821958840657478-6.353232991726554e-18j)
-4.53125,(0.11977136094956815-3.192901560903132e-18j)
-4.527344,(0.1282404261571695-5.3631748296152935e-18j)
-4.523438,(0.126857580953957+8.40774508780723e-19j)
-4.519531,(0.11577484661688646+1.4001295626674828e-18j)
-4.515625,(0.10304945710525273-1.4418377253878529e-18j)
-4.511719,(0.09779348422076686-2.707867320106288e-18j)
-4.507813,(0.10167813871813683-5.9094596713615826e-18j)
-4.503906,(0.10761576156015781-4.031773519264383e-18j)
-4.5,(0.10742801009081543-7.989090905956828e-18j)
-4.496094,(0.10059194602754466-1.6550161605232566e-18j)
-4.492188,(0.09464219185183484+1.798432643368565e-18j)
-4.488281,(0.09667878173479898+1.1515799364428486e-18j)
-4.484375,(0.10505913128753448+8.771097011674479e-19j)
-4.480469,(0.11011672620378925-1.3861212778615558e-18j)
-4.476563,(0.10311756493764589-3.18684991090999e-19j)
-4.472656,(0.0843234395919433-4.719177298021403e-18j)
-4.46875,(0.0625504316330979+7.42863196318178e-19j)
-4.464844,(0.047443916454271026+2.860780618567783e-18j)
-4.460938,(0.04219077101928788+5.513501097094809e-19j)
-4.457031,(0.04274790175866194-1.45035298144891e-18j)
-4.453125,(0.04294738633586283-4.02423089800569e-18j)
-4.449219,(0.04007510165607452-2.3582467246795877e-18j)
-4.445313,(0.03626680901836011-7.343781892163089e-18j)
-4.441406,(0.03537062824568309-2.0935299751288894e-18j)
-4.4375,(0.03866445347664477+1.7739207548123167e-18j)
-4.433594,(0.043341468099274603+1.2197605760192943e-19j)
-4.429688,(0.044999594112829534-1.1012970908660367e-18j)
-4.425781,(0.04172211959012669-3.544853480921375e-18j)
-4.421875,(0.03583357834602356-2.28924107534679e-18j)
-4.417969,(0.0316420681475289-3.880780862419873e-18j)
-4.414063,(0.03148829445785755-2.985015075966024e-18j)
-4.410156,(0.03407423317178926+1.6707458957448838e-18j)
-4.40625,(0.03644513902627044-1.6560845001930566e-18j)
-4.402344,(0.037043877020236565-3.57112043973385e-18j)
-4.398438,(0.0364912848999669-4.976283406169166e-18j)
-4.394531,(0.03584916992471078-4.313687620656323e-18j)
-4.390625,(0.03505943550566646-2.5571520666897575e-18j)
-4.386719,(0.03346556710511041-6.031426865535934e-19j)
-4.382813,(0.03124377977512543+3.4217536810301796e-18j)
-4.378906,(0.029471606522936632+3.1121547235937044e-18j)
-4.375,(0.028721391771634384-1.2427319011041893e-19j)
-4.371094,(0.028240513474551556+8.559934710631537e-19j)
-4.367188,(0.02691211927290065-3.3603527915221546e-18j)
-4.363281,(0.02464635165482351-1.4481312414568798e-18j)
-4.359375,(0.022304768756848968+7.536699330810591e-19j)
-4.355469,(0.020406267599876102+1.6374765318736031e-18j)
-4.351563,(0.018541977299099344+3.503681269423128e-18j)
-4.347656,(0.016265635907234916+2.463310472483782e-19j)
-4.34375,(0.014015447373188812+1.9598751038460314e-18j)
-4.339844,(0.012615920553558209+2.1416875986992227e-19j)
-4.335938,(0.012066682542902546-9.712516836234266e-19j)
-4.332031,(0.011437886576943754+1.5093896758574842e-18j)
-4.328125,(0.010108147092265547-1.9780027333815315e-18j)
-4.324219,(0.008615518197576753+4.988658285288729e-19j)
-4.320313,(0.007916566899000933-2.953637942649739e-18j)
-4.316406,(0.008097763467541399-8.007036439267809e-19j)
-4.3125,(0.008302345733244156-2.0083396180606607e-18j)
-4.308594,(0.007844171264317893-1.894112260424665e-19j)
-4.304688,(0.006853277029630772+4.918794969375345e-19j)
-4.300781,(0.005677428314971964-1.1992267423674148e-18j)
-4.296875,(0.004216479135755739+5.535233591602802e-18j)
-4.292969,(0.002380274169811348-2.6630961542095694e-20j)
-4.289063,(0.0009111150074385705+1.2202116587947778e-18j)
-4.285156,(0.0009612688638123706+1.0133506099639024e-18j)
-4.28125,(0.002593391123055455-2.3352067293803913e-19j)
-4.277344,(0.004270557722428076-1.9675448966647944e-18j)
-4.273438,(0.0044100128814068-4.963443140475621e-18j)
-4.269531,(0.0032503449582698754+2.8416440260356235e-18j)
-4.265625,(0.0025722943086330117-1.8316792476435463e-18j)
-4.261719,(0.003482831243189693+2.4500807742750754e-18j)
-4.257813,(0.005055354503426978-1.010766230984129e-19j)
-4.253906,(0.005557175697229511+4.419407050621929e-19j)
-4.25,(0.004617920069224996+5.3940236189289694e-20j)
-4.246094,(0.003511851988690895-2.4852024259998755e-18j)
-4.242188,(0.003300485001348779+5.1569426911136344e-18j)
-4.238281,(0.0034081211358122335+1.2739146026981602e-18j)
-4.234375,(0.002525028787357041+5.2462208876786274e-18j)
-4.230469,(0.0005767236159685104+3.822786325411619e-19j)
-4.226563,(-0.0008814092753134349-1.2835279944432653e-18j)
-4.222656,(-0.00038427774900191163-3.214414645008272e-18j)
-4.21875,(0.0017397175055985723-5.466651275870677e-18j)
-4.214844,(0.0036687061333574265+1.0908798225322645e-18j)
-4.210938,(0.0039027218491965335+1.204908037066005e-19j)
-4.207031,(0.002553188471181914+5.0293223998171345e-18j)
-4.203125,(0.0010051094138115119-1.8069821290458285e-18j)
-4.199219,(0.0006353809050458362-2.475958908910495e-19j)
-4.195313,(0.0018109943537865311-4.859959935246372e-18j)
-4.191406,(0.0037280099629310353-6.397518238450893e-18j)
-4.1875,(0.00502948970879858-1.961017561674153e-18j)
-4.183594,(0.004868986112648723-2.193506896291305e-19j)
-4.179688,(0.0036993143866542026+3.3758972372096262e-18j)
-4.175781,(0.0029044645140326583-1.6990441794880054e-18j)
-4.171875,(0.0033275461155921563+1.3913185793298574e-18j)
-4.167969,(0.0042100595060937-2.3977650227354738e-18j)
-4.164063,(0.004013474426290825-3.8285102053628165e-18j)
-4.160156,(0.0024353418731790245-1.9366957782905173e-18j)
-4.15625,(0.0011308797112193237+1.6918976607289884e-19j)
-4.152344,(0.0019046076502689658+3.0179508514698087e-18j)
-4.148438,(0.004346960294751058-2.2212062767864617e-18j)
-4.144531,(0.005951659860502942+2.130572716822425e-18j)
-4.140625,(0.0048931173890505095+1.939154331012988e-20j)
-4.136719,(0.0022400671650220074-2.2891896461846712e-18j)
-4.132813,(0.0008639755154659142-1.2525110091489874e-18j)
-4.128906,(0.002261471193566558-2.4515652692778607e-19j)
-4.125,(0.005006935185475595+2.5195621816384433e-18j)
-4.121094,(0.006485378257692154-6.903253054141749e-19j)
-4.117188,(0.005661416537651201+5.799005595969874e-19j)
-4.113281,(0.0037716548086075513-5.074626962128791e-19j)
-4.109375,(0.002660357092021094-2.7503520548581796e-18j)
-4.105469,(0.003060226613617805-4.636250948349977e-18j)
-4.101563,(0.004454871745485868-4.878821026840083e-18j)
-4.097656,(0.005879281274633731-2.8939695530027195e-18j)
-4.09375,(0.0064229674168751055-3.6991950183176904e-18j)
-4.089844,(0.005484008017178108-4.686150021500048e-18j)
-4.085938,(0.003365050289552132-4.54505830124974e-18j)
-4.082031,(0.0016400613667134068-4.533665147540243e-18j)
-4.078125,(0.0021053608153546767-7.549920358423244e-18j)
-4.074219,(0.004782887030042802-5.8040566369402676e-18j)
-4.070313,(0.007337674556785357-2.4834746738059697e-18j)
-4.066406,(0.007223778232855775+4.160939350677674e-20j)
-4.0625,(0.004523418976349276-3.2641221083930443e-18j)
-4.058594,(0.002099640204208988-1.0257453516547122e-18j)
-4.054688,(0.002580773773740729-7.230609194395861e-19j)
-4.050781,(0.005523791767733221-3.127799096300386e-18j)
-4.046875,(0.00800235311786717-1.347740615903822e-18j)
-4.042969,(0.007828477396554805+6.653768831608243e-20j)
-4.039063,(0.005636291186188461+1.610933006417437e-18j)
-4.035156,(0.0036966210634203755-1.3360666633908156e-18j)
-4.03125,(0.0032790167253345516+4.158735661735806e-19j)
-4.027344,(0.0037073130681044685-1.9951206604865155e-19j)
-4.023438,(0.0037576333052220926+2.8382202695038596e-18j)
-4.019531,(0.0032780984574500177+7.276556523302547e-18j)
-4.015625,(0.0031569639604690993+9.52766446736188e-18j)
-4.011719,(0.004090979700572692+1.3506267322865792e-17j)
-4.007813,(0.005806849456822269+9.415180791639262e-18j)
-4.003906,(0.007400865572679857+1.0064649572333485e-17j)
-4.0,(0.008111028716558496+5.914974256011622e-18j)
-3.996094,(0.0077581046565331786+8.968327306053528e-18j)
-3.992188,(0.006759637504966198+1.0029254974604398e-17j)
-3.988281,(0.005852839141961434+8.251004402539006e-18j)
-3.984375,(0.0055616388998907754+1.3698927697600716e-17j)
-3.980469,(0.005717748414791696+9.159887147857418e-18j)
-3.976563,(0.005642670193868272+8.31524600743827e-18j)
-3.972656,(0.005009733553585707+4.76493101832833e-18j)
-3.96875,(0.0043792185152892425+4.441003464201055e-18j)
-3.964844,(0.004547515623761733+6.142782673541753e-18j)
-3.960938,(0.005407671235342951+4.2007227161939764e-18j)
-3.957031,(0.005923291733484916+1.2481594766399393e-17j)
-3.953125,(0.0054760770662301075+7.598413244523647e-18j)
-3.949219,(0.0048263838615986215+6.7136612759906095e-18j)
-3.945313,(0.0051780079978927945+4.67801492062572e-18j)
-3.941406,(0.006402233355338333+4.26051669870655e-18j)
-3.9375,(0.006912001955628871+4.942981604955206e-18j)
-3.933594,(0.005680817780721711+2.7101235506229993e-18j)
-3.929688,(0.0038798428640489614+8.326079722722148e-18j)
-3.925781,(0.0037682295349901595+5.067010928251077e-18j)
-3.921875,(0.005964489095325939+7.09526792845536e-18j)
-3.917969,(0.008526763093814008+6.904089063088864e-18j)
-3.914063,(0.009139070640217042+6.6166922929273645e-18j)
-3.910156,(0.007751466350628785+6.957680937145204e-18j)
-3.90625,(0.006423543836488626+3.7289223238510184e-18j)
-3.902344,(0.006687810572844434+8.474219532430535e-18j)
-3.898438,(0.007810867860957875+8.063713684932841e-19j)
-3.894531,(0.007974990093865606+4.016808061672169e-18j)
-3.890625,(0.006614689033636149+1.8650240135556374e-18j)
-3.886719,(0.004932483873849683+2.7435827186872716e-18j)
-3.882813,(0.0042719285600933115+2.405020458012069e-18j)
-3.878906,(0.00470802668814239+1.764148608878517e-18j)
-3.875,(0.005480154070695739+6.463725012012657e-18j)
-3.871094,(0.006209083369020467+2.0235331438894376e-18j)
-3.867188,(0.007075523874405185+6.193397939256387e-18j)
-3.863281,(0.008023690986641794+4.845520862555723e-18j)
-3.859375,(0.008524470120145785+3.64740070798728e-18j)
-3.855469,(0.00836574133471084+2.9994522238744228e-18j)
-3.851563,(0.008156617778811619+2.0391503177295307e-18j)
-3.847656,(0.008565887466425504+4.691232491138403e-18j)
-3.84375,(0.009295433961984617+3.0915106774022944e-19j)
-3.839844,(0.009379378169678081+1.0514819703523626e-18j)
-3.835938,(0.008569744306599443-3.0027366657153496e-19j)
-3.832031,(0.007909800470252443+1.0022609353795214e-18j)
-3.828125,(0.008575178240537213+2.8717655391675455e-18j)
-3.824219,(0.010406352629267555+2.171299671269301e-18j)
-3.820313,(0.012017948274432675+2.4779080286723253e-18j)
-3.816406,(0.0123218742758037+1.9590249471376244e-18j)
-3.8125,(0.011558487106853928+4.662129932436213e-19j)
-3.808594,(0.010750113845183804-2.1348210019532e-18j)
-3.804688,(0.010543120409220792-3.1620888583355092e-18j)
-3.800781,(0.0108813345347701-2.62070995177865e-18j)
-3.796875,(0.011527312908490546-5.4158241095734075e-18j)
-3.792969,(0.012395691107371971-4.060299936560633e-18j)
-3.789063,(0.013339604411218125-5.400980312389236e-18j)
-3.785156,(0.014069719340158668-6.352545499535413e-18j)
-3.78125,(0.014572198344762494-5.887509604005079e-18j)
-3.777344,(0.015345346112670672-3.4268742606841315e-18j)
-3.773438,(0.016841186439713534-1.2250497879068417e-18j)
-3.769531,(0.018725846647861095-3.1466450599315974e-19j)
-3.765625,(0.020047823174096164+1.7680125743014515e-18j)
-3.761719,(0.020243872364379006+7.044891834057009e-20j)
-3.757813,(0.019756603020349286-1.3827411005347071e-18j)
-3.753906,(0.019611885496964892-2.2580968544617904e-19j)
-3.75,(0.020734313368866435+1.4393493791240535e-19j)
-3.746094,(0.023871925094340083+8.331101732073289e-19j)
-3.742188,(0.029671974146736686+3.0797830617757246e-18j)
-3.738281,(0.037976065328352154+4.629896724212077e-18j)
-3.734375,(0.04685432518025663+3.740647477481864e-18j)
-3.730469,(0.05312403686642593+2.7997836431039545e-18j)
-3.726563,(0.054732563783629506+2.11803582851611e-18j)
-3.722656,(0.052741413668824816+1.5462294013606756e-18j)
-3.71875,(0.050450748643340024+1.4570472568298734e-18j)
-3.714844,(0.05033239645271606+1.5900551477936903e-18j)
-3.710938,(0.05213025028670231+3.6883560454962493e-19j)
-3.707031,(0.05410179938739105+2.137561171988429e-18j)
-3.703125,(0.055507117760765265+9.234484982036172e-19j)
-3.699219,(0.057095810275791276+6.178010600268915e-19j)
-3.695313,(0.05924622237461182+8.554570495252225e-19j)
-3.691406,(0.06064437779788106+1.6195389541583094e-18j)
-3.6875,(0.05960901705037177-1.0223376215989857e-18j)
-3.683594,(0.05647703570776326-3.6463228278822555e-18j)
-3.679688,(0.05386872149046023-1.7539487731911537e-18j)
-3.675781,(0.05427804911150793-5.694909214825112e-18j)
-3.671875,(0.057765011741823656-2.7888340320582153e-18j)
-3.667969,(0.06227551609465656-2.404308103721293e-18j)
-3.664063,(0.06585816725068656+4.963619090741658e-19j)
-3.660156,(0.0680964764696766-2.5566155821178045e-18j)
-3.65625,(0.06956762243323555+1.4558772342971193e-18j)
-3.652344,(0.07061180662144269+8.11909786200678e-20j)
-3.648438,(0.07096527515125427-3.724211512652217e-18j)
-3.644531,(0.07019691201364724+2.263486306430197e-21j)
-3.640625,(0.06804876858230086-2.7510804916473565e-18j)
-3.636719,(0.06454711243877359-2.3264564834996895e-18j)
-3.632813,(0.06032248818439473-4.4570530151679815e-18j)
-3.628906,(0.05682741423700026-1.1189266913773184e-18j)
-3.625,(0.05554769528593881-4.1131999874136255e-18j)
-3.621094,(0.05643412261925837-2.6640213159384162e-18j)
-3.617188,(0.05735152416066056+4.9415667923609166e-18j)
-3.613281,(0.05575158810144726+1.0246188451556409e-18j)
-3.609375,(0.05116469964166481+1.0281451758123038e-18j)
-3.605469,(0.04576328622932114-4.931080158965e-19j)
-3.601563,(0.04224524916490531-1.8728435422246683e-18j)
-3.597656,(0.041351183205047784-4.197867730919705e-18j)
-3.59375,(0.041636181787950574-4.822963670005862e-18j)
-3.589844,(0.04135484340735984-4.482113510289625e-19j)
-3.585938,(0.0400654877086763-3.20391440614563e-18j)
-3.582031,(0.03845852840085981-4.1512301578586136e-18j)
-3.578125,(0.037332160785085874-3.494950766897781e-18j)
-3.574219,(0.03725572337339066-7.236379185272614e-18j)
-3.570313,(0.03887178123066765-5.855424331799362e-18j)
-3.566406,(0.04267439517042525-5.2828748536948294e-18j)
-3.5625,(0.048108523806543985-8.468338927257748e-19j)
-3.558594,(0.05328486768343655-2.3388154097368527e-18j)
-3.554688,(0.056158613440290016-2.6302208942671373e-18j)
-3.550781,(0.05616598453358887-2.7316557485429804e-18j)
-3.546875,(0.05460333853003953-1.0822650301167922e-18j)
-3.542969,(0.053417606233680755+5.41303083562619e-19j)
-3.539063,(0.05370358696159112+1.4928327814825274e-18j)
-3.535156,(0.05517551531488017+3.57974914337909e-18j)
-3.53125,(0.05668650003782338+1.9136123633843116e-18j)
-3.527344,(0.05716876419993593+1.0745024208961774e-18j)
-3.523438,(0.05647754543272534-6.013711635469615e-19j)
-3.519531,(0.05565412334907318+5.300745865709699e-18j)
-3.515625,(0.056068742902523255+3.784368157280356e-18j)
-3.511719,(0.05774425884759705+3.70645348430628e-18j)
-3.507813,(0.05858093451615878+4.036274865276435e-18j)
-3.503906,(0.05603577520125949+1.4035837013598487e-18j)
-3.5,(0.05015481429057329-1.6853918208840171e-18j)
-3.496094,(0.04451347216873862-4.999862013864001e-18j)
-3.492188,(0.043193529151791976+2.1849601460936633e-18j)
-3.488281,(0.0465136449344485+1.271073158206304e-18j)
-3.484375,(0.05037550142550767+4.527993464647489e-19j)
-3.480469,(0.050428986503232055+1.100168602399968e-18j)
-3.476563,(0.046597536258908105+3.4663845646910717e-19j)
-3.472656,(0.04279324522794364+9.232420355290144e-19j)
-3.46875,(0.04218812509919473-4.3029146996938854e-19j)
-3.464844,(0.043655857060498175+5.794814161089144e-18j)
-3.460938,(0.04350488081195636+5.381732193105962e-18j)
-3.457031,(0.0401988943736592+4.9335698676622535e-18j)
-3.453125,(0.03629411969333819+5.8361247049532705e-18j)
-3.449219,(0.03540733603369403+7.207297096613439e-18j)
-3.445313,(0.038020440591605455+7.031594731474344e-18j)
-3.441406,(0.04103827301020759+4.8794339080510215e-18j)
-3.4375,(0.041323828898728265+1.0219873536969725e-17j)
-3.433594,(0.03895215486231318+8.501631713778423e-18j)
-3.429688,(0.03674308531662326+8.89326694978436e-18j)
-3.425781,(0.037083121765690244+7.925114671287537e-18j)
-3.421875,(0.03965231246078108+7.051314488166945e-18j)
-3.417969,(0.04204260022284215+5.414923580641402e-18j)
-3.414063,(0.04207216746202256+3.3561939343854324e-18j)
-3.410156,(0.03942194300125251+7.861054516244595e-18j)
-3.40625,(0.035473090153898726+5.578631557126822e-18j)
-3.402344,(0.03191569371475198+7.515927270318906e-18j)
-3.398438,(0.02939600862427461+8.213046884803102e-18j)
-3.394531,(0.027221714669553043+8.717972638416682e-18j)
-3.390625,(0.024331125758824998+8.051307030863917e-18j)
-3.386719,(0.020634726702630227+6.629861581839184e-18j)
-3.382813,(0.017294098200350133+8.543197338198795e-18j)
-3.378906,(0.015459283218828458+6.8861622771450735e-18j)
-3.375,(0.01481283779549469+5.8368788924481305e-18j)
-3.371094,(0.013766311449802652+6.797963730723578e-18j)
-3.367188,(0.011292621026628494+6.97345532669118e-18j)
-3.363281,(0.008227864084647072+5.490508948700617e-18j)
-3.359375,(0.006335737701091342+4.110626748486588e-18j)
-3.355469,(0.006206332721870034+1.736740729852615e-18j)
-3.351563,(0.006623259894065419+5.1511432768840125e-18j)
-3.347656,(0.006190205385365084+3.4991546477217985e-18j)
-3.34375,(0.005077267712651126+4.947988279594688e-18j)
-3.339844,(0.004627369074138593+6.1816020073909604e-18j)
-3.335938,(0.00543470108831634+5.97154118790703e-18j)
-3.332031,(0.006495999325273301+3.9487594404917375e-18j)
-3.328125,(0.006487352179705086-1.4550585588823212e-18j)
-3.324219,(0.0053390259799361555+2.30112959741768e-18j)
-3.320313,(0.004031372687178475+7.133865414376073e-19j)
-3.316406,(0.003123177037572101+1.2938883485087173e-18j)
-3.3125,(0.0022148963571067626+3.1914024817520593e-18j)
-3.308594,(0.0010145203024798236+7.076032341914775e-19j)
-3.304688,(0.00024429553531663814+3.3374491476801104e-19j)
-3.300781,(0.0008602178907829687-1.9697232242897333e-18j)
-3.296875,(0.00259882970064564+2.6146125347755255e-18j)
-3.292969,(0.003989861586684377+5.88139816637075e-18j)
-3.289063,(0.003985382462192631+7.427426385071805e-18j)
-3.285156,(0.0030666913458393444+7.335901747826283e-18j)
-3.28125,(0.0023849037380492583+3.755013686234718e-18j)
-3.277344,(0.00220573174137684+4.351338218544407e-18j)
-3.273438,(0.0018207465543597658-5.238740756246427e-19j)
-3.269531,(0.000925220796398864+9.914553635226698e-19j)
-3.265625,(0.00035919869975566934+5.00615178275283e-18j)
-3.261719,(0.0010495082830054312+5.830558266484832e-18j)
-3.257813,(0.0025990478410922086+6.294062631582676e-18j)
-3.253906,(0.0035287263005759155+2.5745417577200987e-18j)
-3.25,(0.002927084350466128+7.536495520562382e-18j)
-3.246094,(0.0013918488734149103+1.0721214704701471e-18j)
-3.242188,(0.00019492326574977508+4.939842553949925e-18j)
-3.238281,(-5.063350696221544e-05+6.195474888203802e-18j)
-3.234375,(0.000424691829610271+3.751254344897308e-18j)
-3.230469,(0.0012972932036949298+4.4483632860730746e-18j)
-3.226563,(0.0024285491816872025+2.847712156989489e-18j)
-3.222656,(0.0033737766136254506+8.18799777719758e-18j)
-3.21875,(0.0033080988024390147+1.0145449577466532e-18j)
-3.214844,(0.0019766582645661668+4.588061191218136e-18j)
-3.210938,(0.0004595861507790902+1.3031019233182653e-18j)
-3.207031,(0.0003681649110198636-1.858266514901068e-18j)
-3.203125,(0.0021158634824688916+8.502622105156828e-20j)
-3.199219,(0.0043495672072932055+4.78117690561792e-19j)
-3.195313,(0.005315103212176448+5.344848529583463e-18j)
-3.191406,(0.0045304857855322156-1.324727637382765e-18j)
-3.1875,(0.0028774315312518704+7.9592455932159745e-19j)
-3.183594,(0.001357864684466111-2.396255620441213e-18j)
-3.179688,(0.00029691311037023145-3.684426436441955e-18j)
-3.175781,(-0.0002541365208188598-1.757638380595047e-18j)
-3.171875,(-9.02432477130152e-06-2.0746785164035963e-18j)
-3.167969,(0.001143242382958959-1.3270080280373622e-18j)
-3.164063,(0.002497343161696853-5.928417928115085e-18j)
-3.160156,(0.00296227785654187-9.350954172269847e-18j)
-3.15625,(0.0023317633895316727-1.0831386194397136e-17j)
-3.152344,(0.0017221973273632-1.0296169994746641e-17j)
-3.148438,(0.0023946448114788564-6.570016832396553e-18j)
-3.144531,(0.00429463331053863-6.712099129396153e-18j)
-3.140625,(0.0060725912526117505-6.054665777509589e-18j)
-3.136719,(0.006494338936028725-9.131022565672839e-18j)
-3.132813,(0.005528735374010339-9.285908294756736e-18j)
-3.128906,(0.004046648459985879-7.250424865096317e-18j)
-3.125,(0.0028414216719025807-1.0025222640776594e-17j)
-3.121094,(0.002166440576364245-4.4707086626559335e-18j)
-3.117188,(0.0019211791104226678-5.27844960370755e-18j)
-3.113281,(0.001864075560032994-3.6722813818814045e-18j)
-3.109375,(0.0017054384596607037-6.926550277768917e-18j)
-3.105469,(0.001409545641733198-6.858689100401288e-18j)
-3.101563,(0.0014862192906327472-4.15598926991922e-18j)
-3.097656,(0.0025437666490644995-9.501981732228281e-18j)
-3.09375,(0.004262130140594423-2.604979441970761e-18j)
-3.089844,(0.00521375100892705-4.8085727249580356e-18j)
-3.085938,(0.004337646846696563-4.1912688844395556e-18j)
-3.082031,(0.0025560314601006493-7.492526496919043e-18j)
-3.078125,(0.002189762467952582-8.42781872750803e-18j)
-3.074219,(0.004297722759276885-5.722166720522639e-18j)
-3.070313,(0.00704380058032873-1.0495599659527052e-17j)
-3.066406,(0.007464642407748473-5.545371346975523e-18j)
-3.0625,(0.004886417041358592-7.737558124109297e-18j)
-3.058594,(0.0018723863283546928-6.349405715752968e-18j)
-3.054688,(0.0013717153785177513-6.285682494704607e-18j)
-3.050781,(0.003439609682683027-9.361898192109414e-18j)
-3.046875,(0.005483201524382492-5.649735160143832e-18j)
-3.042969,(0.005571776386887891-8.185663975017245e-18j)
-3.039063,(0.004566267125161113-3.6821359406239396e-18j)
-3.035156,(0.004522478815973048-3.8843382975363256e-18j)
-3.03125,(0.0057031079715046465-3.770544699886219e-18j)
-3.027344,(0.006209892666389591-4.767244975881288e-18j)
-3.023438,(0.004658547131131832-6.8915088823196315e-18j)
-3.019531,(0.002294818966152898-4.100509219958446e-18j)
-3.015625,(0.001709217414732982-7.214543547477613e-18j)
-3.011719,(0.00370999194109205-3.519228933010535e-18j)
-3.007813,(0.006232505418123104-3.68834124527326e-18j)
-3.003906,(0.006608009585740948-3.163597938972766e-18j)
-3.0,(0.004498869161578264-3.1536082945543175e-18j)
-2.996094,(0.002206840405748658-4.241952189037228e-18j)
-2.992188,(0.002206435660198597-2.413161291520647e-18j)
-2.988281,(0.0046716951959343235-5.671867182341315e-18j)
-2.984375,(0.007406376306490731-4.831955287842815e-18j)
-2.980469,(0.007967311996624557-3.2434323188229352e-18j)
-2.976563,(0.005867871686931382-4.684727009800039e-18j)
-2.972656,(0.002992867901886633-3.159943076904558e-18j)
-2.96875,(0.001969216892922353-3.992061150608761e-18j)
-2.964844,(0.003845736065885823-5.442477771833082e-19j)
-2.960938,(0.007068491861675407-1.0362194904483815e-18j)
-2.957031,(0.008820132863439254-4.518812317614527e-18j)
-2.953125,(0.007659175566616066-2.1277240902408524e-18j)
-2.949219,(0.004882665800325767-4.377257039195055e-18j)
-2.945313,(0.0030892354513184406-4.03254637870725e-18j)
-2.941406,(0.0034158459340560563-6.8010723126742894e-18j)
-2.9375,(0.00453833091374524-4.199973463766538e-18j)
-2.933594,(0.004541582369481755-3.694880112661931e-18j)
-2.929688,(0.003316467854012985-8.038566524776328e-18j)
-2.925781,(0.0025228519205754284-5.5091751032914145e-18j)
-2.921875,(0.0032931543950151486-5.8386798225459305e-18j)
-2.917969,(0.004755241531894952-7.206031514744899e-18j)
-2.914063,(0.0052984346898409555-8.276666203222354e-18j)
-2.910156,(0.0047998803849425495-7.693477376172531e-18j)
-2.90625,(0.004746480516488134-7.524343783235549e-18j)
-2.902344,(0.006082723883888329-1.1769975406833943e-17j)
-2.898438,(0.0077604167626594955-1.138175903485434e-17j)
-2.894531,(0.00805043445307519-1.2832562915284075e-17j)
-2.890625,(0.006907986932214988-1.304024292711895e-17j)
-2.886719,(0.006181618644422486-1.2360817459236877e-17j)
-2.882813,(0.007281547510478403-1.0966833390010721e-17j)
-2.878906,(0.009287287920325245-9.463175862278528e-18j)
-2.875,(0.009914392680787818-1.0571890305825789e-17j)
-2.871094,(0.0081124435854036-7.403766438404601e-18j)
-2.867188,(0.0051563443506139105-7.977142162148418e-18j)
-2.863281,(0.0031871968176942797-8.22626217359158e-18j)
-2.859375,(0.0032198615221073527-5.5239011985851185e-18j)
-2.855469,(0.004775323056607275-8.005254940932019e-18j)
-2.851563,(0.0068995263558026595-9.709035042480839e-18j)
-2.847656,(0.008922204039650824-1.1554768080785375e-17j)
-2.84375,(0.010396302786944417-9.279512704282643e-18j)
-2.839844,(0.011056252971882771-1.0254889294248513e-17j)
-2.835938,(0.011190398771178375-7.684569264816946e-18j)
-2.832031,(0.011611591993344402-5.5155058564894995e-18j)
-2.828125,(0.01273142293385229-4.415820766113476e-18j)
-2.824219,(0.013800678687301613-5.4013311633354556e-18j)
-2.820313,(0.013613353795405224-8.036278312014845e-18j)
-2.816406,(0.012099316630194203-7.39575591149151e-18j)
-2.8125,(0.010770943827261853-6.205182005109571e-18j)
-2.808594,(0.011233616677448113-6.2247220743663156e-18j)
-2.804688,(0.01346840460996272-6.14193135832261e-18j)
-2.800781,(0.01596344772251436-6.1671872133315776e-18j)
-2.796875,(0.017433982096879738-6.218323062365876e-18j)
-2.792969,(0.017954778440789843-5.798826435282153e-18j)
-2.789063,(0.01833608966158901-5.522697001576402e-18j)
-2.785156,(0.01896048008538495-1.817854669315063e-18j)
-2.78125,(0.019756022025307896-1.9348708592599814e-18j)
-2.777344,(0.021087601932104606-1.4597715551770245e-18j)
-2.773438,(0.02396590886712686-2.574205639821922e-18j)
-2.769531,(0.02903280370086176-1.0151330044320753e-18j)
-2.765625,(0.035617969759748395-1.5943494431364403e-18j)
-2.761719,(0.0421090659900253-3.1256090579923953e-18j)
-2.757813,(0.04713044168162226-2.443711914337857e-18j)
-2.753906,(0.05015975481015093-5.23103296043925e-18j)
-2.75,(0.05130091724879516-3.3932919194150374e-18j)
-2.746094,(0.05110649785966019-5.634451482099846e-18j)
-2.742188,(0.050799946650278927-3.909056044242451e-18j)
-2.738281,(0.05202953392310307-2.2330584917610966e-18j)
-2.734375,(0.0556017252314344-3.697624275667963e-18j)
-2.730469,(0.06031397975375243-4.1486269257376046e-18j)
-2.726563,(0.06351317441117127-7.256795349389879e-18j)
-2.722656,(0.06322038106382774-5.346223398720047e-18j)
-2.71875,(0.05975352188745119-8.053464394384226e-18j)
-2.714844,(0.0552976448205318-4.0895605085316696e-18j)
-2.710938,(0.05215458760004484-3.576043765176567e-19j)
-2.707031,(0.051506304627645855-4.6240207517351555e-18j)
-2.703125,(0.05333433766343373-4.601512250518119e-18j)
-2.699219,(0.05669876149112626-5.918534144786124e-18j)
-2.695313,(0.059872357158071834-4.067524339233204e-18j)
-2.691406,(0.06089977352716399-7.092936305243582e-18j)
-2.6875,(0.05887077216985342-2.7387701226205985e-18j)
-2.683594,(0.054791134286652526-3.117968137370999e-18j)
-2.679688,(0.0507912240994225-7.794296060280152e-18j)
-2.675781,(0.04827720576870142-7.6469777825415e-18j)
-2.671875,(0.047066822750630205-8.844952467307752e-18j)
-2.667969,(0.04634302470277768-6.156613371789482e-18j)
-2.664063,(0.04589344128338205-5.917713477468888e-18j)
-2.660156,(0.04591971991311058+7.277310485507207e-19j)
-2.65625,(0.04601988720779685+1.4605583087781082e-18j)
-2.652344,(0.04534971462946853-2.822996546095202e-18j)
-2.648438,(0.04417617777837026-1.5248727125038283e-18j)
-2.644531,(0.044505295832198755-3.009017036776452e-18j)
-2.640625,(0.04815768892978682-1.773188323836073e-18j)
-2.636719,(0.05417651501497802-3.799506370881915e-18j)
-2.632813,(0.05901957015797278+1.5993067093066936e-18j)
-2.628906,(0.059936016699183574+2.0305015060861343e-19j)
-2.625,(0.05780887634029797-3.994043561313433e-18j)
-2.621094,(0.056017474329083425-2.7690585610249796e-18j)
-2.617188,(0.056573698835986806-2.4907707964564435e-18j)
-2.613281,(0.058120665375111555-2.7733540941546296e-18j)
-2.609375,(0.05811329774178979-5.9922258468693286e-18j)
-2.605469,(0.05643214617788824-1.7854571657994444e-18j)
-2.601563,(0.05604961206018446-3.216801939577327e-18j)
-2.597656,(0.05996431926226665-5.605061054363059e-18j)
-2.59375,(0.06786981571703281-6.070552249099285e-18j)
-2.589844,(0.07603251296228672-4.325293214229375e-18j)
-2.585938,(0.08019645532004535-2.871563896164756e-18j)
-2.582031,(0.0785404814614869-4.447269766490787e-18j)
-2.578125,(0.07239216750659587-2.6472793592049744e-19j)
-2.574219,(0.06484344079586386-9.111643697250756e-19j)
-2.570313,(0.058758181413181856-1.2583966845974061e-18j)
-2.566406,(0.055372222975095156-1.1989208158403855e-18j)
-2.5625,(0.054009089379663484+9.69703138946113e-19j)
-2.558594,(0.05296212957878734+1.3499439330355483e-18j)
-2.554688,(0.05095509722375836+1.442924192892507e-18j)
-2.550781,(0.048020101003175865+5.921193376370077e-18j)
-2.546875,(0.045074388156752694+2.534885429409613e-18j)
-2.542969,(0.042835568699089645+2.603944028754612e-18j)
-2.539063,(0.04137297900938262-1.0196922537703607e-18j)
-2.535156,(0.040595114029209255+1.744643379082365e-18j)
-2.53125,(0.040667102838753535-3.836941854108323e-19j)
-2.527344,(0.04162660260141733+6.891843849433475e-21j)
-2.523438,(0.04289722798627348+6.8857856172781575e-18j)
-2.519531,(0.043719739624211794+1.4121136523417304e-19j)
-2.515625,(0.04406170346182075+2.8849633222901236e-18j)
-2.511719,(0.04452998898887772-6.224637055111545e-19j)
-2.507813,(0.04509351287519483+4.594687861769286e-18j)
-2.503906,(0.044449502310946715+2.3570645321841918e-18j)
-2.5,(0.041467354795774305+4.082403841678823e-18j)
-2.496094,(0.03729096465816032+8.16056467976621e-18j)
-2.492188,(0.0351566224655473+2.253213438828499e-18j)
-2.488281,(0.03737349332260721+3.885139666346656e-18j)
-2.484375,(0.04260739804590141+1.8242166750832097e-18j)
-2.480469,(0.04678390234081255+6.935221535497376e-18j)
-2.476563,(0.04695645544708672+6.4495047569249244e-18j)
-2.472656,(0.044084754649203105+9.739964107369064e-18j)
-2.46875,(0.041944546838830386+1.2711344771605405e-17j)
-2.464844,(0.04363024112694965+8.578065918911395e-18j)
-2.460938,(0.04920309523941835+7.264476135741776e-18j)
-2.457031,(0.05605972026905851+5.241018183301773e-18j)
-2.453125,(0.060717109847757925+7.990330120464433e-18j)
-2.449219,(0.06035630449336269+5.551266783104517e-18j)
-2.445313,(0.05392639603846493+8.7767515255993e-18j)
-2.441406,(0.04298339557399138+7.168602136937433e-18j)
-2.4375,(0.031397804886481404+5.768972640544233e-18j)
-2.433594,(0.023139111944229046+4.122885757245111e-18j)
-2.429688,(0.019484917329575312+5.207266404920363e-18j)
-2.425781,(0.018441032092698095+6.047395972230667e-18j)
-2.421875,(0.01723032130101041+3.774647757279055e-18j)
-2.417969,(0.015210768146048485+7.214951487427114e-18j)
-2.414063,(0.013967330690815223+5.803622190241348e-18j)
-2.410156,(0.0146918199516817+3.564402174925945e-18j)
-2.40625,(0.016221701205120686+3.377856808144173e-18j)
-2.402344,(0.016152612356456257+5.530079130075038e-18j)
-2.398438,(0.013553382204735077+6.848431452499136e-18j)
-2.394531,(0.009946617058127794+5.68406790537069e-18j)
-2.390625,(0.007529323194305621+9.298089614112038e-18j)
-2.386719,(0.006912183009829464+7.544531787691655e-18j)
-2.382813,(0.006884379391591715+5.456621712415216e-18j)
-2.378906,(0.006052443076062274+5.4794832008771855e-18j)
-2.375,(0.004259583136769745+8.601242878069886e-18j)
-2.371094,(0.0024959208039301247+7.609452180490756e-18j)
-2.367188,(0.0018889336704408651+4.1151211943049e-18j)
-2.363281,(0.0029025875340491576+5.745938046832836e-18j)
-2.359375,(0.005095828776658593+4.887063454234751e-18j)
-2.355469,(0.007292107142189206+3.78772551355635e-18j)
-2.351563,(0.008188405708904459+2.8294909410617428e-18j)
-2.347656,(0.007282654770214201+5.3200119099252955e-18j)
-2.34375,(0.005339732897086202+8.802747908871785e-19j)
-2.339844,(0.0036881420658774417+1.3708029840020941e-18j)
-2.335938,(0.0029247258081060382+5.819939373481476e-19j)
-2.332031,(0.0025185642429672458+1.0286038035875932e-18j)
-2.328125,(0.0018079732487792297+5.069870079914367e-19j)
-2.324219,(0.0010563192487247678-1.4578648829476575e-18j)
-2.320313,(0.001107016379374873+9.444208637754463e-19j)
-2.316406,(0.002100589677265716-3.9165242471790165e-18j)
-2.3125,(0.0030729576425370143-2.502294282645513e-18j)
-2.308594,(0.003068308777168325-2.0820201766988435e-18j)
-2.304688,(0.002273680929284218-1.0264892078293841e-18j)
-2.300781,(0.0016429298859607043+1.571318164178057e-18j)
-2.296875,(0.0016187369456534997+6.425208333388521e-19j)
-2.292969,(0.0018057287856799171+4.5282054751329695e-18j)
-2.289063,(0.0019676130989572252-1.0316480675345657e-18j)
-2.285156,(0.002675077703096845+2.078451176470761e-18j)
-2.28125,(0.004401150309512266+1.7302309583769181e-18j)
-2.277344,(0.006284751897944289+1.5510889329640067e-18j)
-2.273438,(0.006593347156692264+4.038486312529284e-18j)
-2.269531,(0.004688581533492384+3.3487633765097448e-18j)
-2.265625,(0.00202963681844746+5.3985920671843335e-18j)
-2.261719,(0.0007511270840047623+2.104413700970099e-18j)
-2.257813,(0.001462985191774824+4.063898361351273e-18j)
-2.253906,(0.002935035539765293+3.154412388508955e-18j)
-2.25,(0.003834769883730263-2.4138793638621027e-18j)
-2.246094,(0.004087274078643766-1.5920121795022624e-18j)
-2.242188,(0.0042253885050167386-1.8075988257662163e-18j)
-2.238281,(0.004038387305513161-2.2536500848075996e-19j)
-2.234375,(0.002726808267286584-5.524352559391318e-18j)
-2.230469,(0.0004315915926702155+7.090154882571468e-19j)
-2.226563,(-0.0011644948152118883+1.3105822395722303e-18j)
-2.222656,(-0.00033715163360590147-2.8836859263845767e-18j)
-2.21875,(0.0027736936584797593-4.545339818707527e-19j)
-2.214844,(0.006180804437519412+1.1287260206032163e-18j)
-2.210938,(0.00789827784166364+2.8716228347399387e-18j)
-2.207031,(0.00741254088991181-2.33238994079887e-18j)
-2.203125,(0.005448955541713164+1.86495173427295e-18j)
-2.199219,(0.0030090601012360747+3.188715886327178e-18j)
-2.195313,(0.0010829667136590469-1.5666035225795507e-18j)
-2.191406,(0.0007771026311677266+4.013006328563538e-18j)
-2.1875,(0.002722162366321455+7.697123383585426e-18j)
-2.183594,(0.006004536882081393+1.1055515712808731e-17j)
-2.179688,(0.008286023471840749+6.697396632192294e-18j)
-2.175781,(0.007709636334291086+8.4299219394086e-18j)
-2.171875,(0.004756485346131706+6.805059024589289e-18j)
-2.167969,(0.001839316483880662+1.7066699619527803e-20j)
-2.164063,(0.0009379109171265533+4.355708029747992e-18j)
-2.160156,(0.0018784535033744662+5.08802871696921e-18j)
-2.15625,(0.0030035133581241906+6.6273005089789126e-18j)
-2.152344,(0.0031474737838077358+1.4009781566219747e-18j)
-2.148438,(0.0026037257108320025+4.74581085965794e-18j)
-2.144531,(0.0023617516441547907+3.169192395798439e-18j)
-2.140625,(0.002911965824037211-3.2792346737728547e-18j)
-2.136719,(0.003933795230391774+4.004290058664477e-18j)
-2.132813,(0.0047795399191841075+4.477717817327812e-18j)
-2.128906,(0.004979696754267336+5.576102904305631e-18j)
-2.125,(0.004506594659021315-1.7607822315365434e-18j)
-2.121094,(0.003908473498259622+3.928034364182794e-18j)
-2.117188,(0.004082484253099863-9.86227289700639e-19j)
-2.113281,(0.00545116794537886-5.687689445280673e-18j)
-2.109375,(0.007211095111271088+1.113632115032081e-18j)
-2.105469,(0.0077936592103557125+2.8204319789040735e-18j)
-2.101563,(0.006453589253968046+3.0928382211978437e-18j)
-2.097656,(0.004239558835940483-1.9668203543250488e-19j)
-2.09375,(0.002971123653592172+6.119912520548148e-18j)
-2.089844,(0.003238522873666134+3.121596750637286e-18j)
-2.085938,(0.0038274208423492136+2.06428290541141e-19j)
-2.082031,(0.0032947710716093575+1.4648668178701894e-18j)
-2.078125,(0.0017088669198263168+4.0478834263846245e-18j)
-2.074219,(0.00041581947158524806+1.396747340123824e-18j)
-2.070313,(0.00032895001742782193-5.696307323281355e-19j)
-2.066406,(0.0010811501324829627+1.5588066785182397e-18j)
-2.0625,(0.0019780477290045726+1.7665781178649226e-18j)
-2.058594,(0.0031238396957264827-1.5952483508455015e-18j)
-2.054688,(0.005007272160533726-3.915591173862162e-18j)
-2.050781,(0.007253485556131819+4.536378176738193e-19j)
-2.046875,(0.008576874807377151+4.80572676209689e-19j)
-2.042969,(0.008226382222791515+5.305009637122381e-19j)
-2.039063,(0.006931591324730562+6.4419927335634195e-19j)
-2.035156,(0.005934644150491817+3.031580926256733e-18j)
-2.03125,(0.0054055664518114005-1.4279692989640483e-18j)
-2.027344,(0.00447993210365878-3.818283479915355e-18j)
-2.023438,(0.00286807465382639+5.568106112808824e-19j)
-2.019531,(0.0016739649017917615+7.413565315591482e-20j)
-2.015625,(0.00209536900026371+1.2268565438897202e-18j)
-2.011719,(0.0037004029282534136+3.324046149466215e-19j)
-2.007813,(0.004717277576001127+2.572964593033358e-18j)
-2.003906,(0.004088767635962434-1.356717186025082e-18j)
-2.0,(0.0026202456109445673-3.4465575952858082e-18j)
-1.996094,(0.0017761711692322163+1.3760105562925375e-18j)
-1.992188,(0.001865574872493664+2.298936721318539e-19j)
-1.988281,(0.0020827528331075497+2.1618020873261593e-18j)
-1.984375,(0.0021657562637974366+1.4899637768857734e-18j)
-1.980469,(0.0031196617419459757+6.929570477272581e-19j)
-1.976563,(0.005776565025018049-3.165577121739294e-18j)
-1.972656,(0.009095642581668362-1.9977707091867425e-18j)
-1.96875,(0.010693796398448044+7.2562639681629485e-19j)
-1.964844,(0.009268043848230219-3.938275223385928e-19j)
-1.960938,(0.006068528255778214+2.3920591028682957e-18j)
-1.957031,(0.003662983208353579+3.759967687331858e-18j)
-1.953125,(0.003434995453077612+2.8754078929954803e-18j)
-1.949219,(0.0045623119007269-2.569602276076237e-18j)
-1.945313,(0.005297158912316837-2.8776014203375105e-18j)
-1.941406,(0.004856692535902756-1.0459413305676013e-18j)
-1.9375,(0.003970822202140695-4.837176727703357e-18j)
-1.933594,(0.003866850031943858-4.815866036765603e-19j)
-1.929688,(0.0049303312530061165-1.1394918063302978e-19j)
-1.925781,(0.00626177705043401-8.086173306255785e-19j)
-1.921875,(0.006455325306538027-3.989577004518005e-18j)
-1.917969,(0.005017603450184185-1.0700783029621028e-18j)
-1.914063,(0.0032297033564660836+2.7702584796382956e-18j)
-1.910156,(0.00336936623049301+4.757984707538195e-20j)
-1.90625,(0.00655115930645204+4.652187753740274e-18j)
-1.902344,(0.011178419507745443+5.738184199301375e-18j)
-1.898438,(0.013978098580367948+2.1644997954853427e-18j)
-1.894531,(0.013035315270253844-9.509411419731914e-19j)
-1.890625,(0.009713459275145837+1.2685467319101864e-18j)
-1.886719,(0.007193330403064399+3.815229892083445e-18j)
-1.882813,(0.007155011826144189+1.6075560389728327e-18j)
-1.878906,(0.008393536877746475+5.185195273552915e-18j)
-1.875,(0.008853006006343879+5.299390008898982e-18j)
-1.871094,(0.008358265586082938+5.530628500450543e-18j)
-1.867188,(0.008560814324070224+5.05249467957561e-18j)
-1.863281,(0.010341112315980049+9.011871839546669e-18j)
-1.859375,(0.01227516103125114+9.404063744907747e-18j)
-1.855469,(0.01232791012102275+6.7601865738070474e-18j)
-1.851563,(0.010584357215420805+7.217521093228151e-18j)
-1.847656,(0.00936273447407609+2.493053083273383e-18j)
-1.84375,(0.010435884024577142+5.3617052472402054e-18j)
-1.839844,(0.012848337743457703+5.65152971646134e-18j)
-1.835938,(0.01404882107178577+6.215828151905692e-18j)
-1.832031,(0.012871510647929145+6.5268289656811266e-18j)
-1.828125,(0.010751336894174401+5.04870051805393e-18j)
-1.824219,(0.009972687454211464+5.34401738868037e-18j)
-1.820313,(0.011308058206925549+1.2720093490853841e-18j)
-1.816406,(0.013654741959145383+3.648307142576993e-18j)
-1.8125,(0.015488849539951836+4.331542272567628e-18j)
-1.808594,(0.016088514665057358+2.484799873959772e-18j)
-1.804688,(0.015533537696379825+9.97908729620929e-19j)
-1.800781,(0.01429998098432156+1.8593600400185992e-18j)
-1.796875,(0.013222974105637879+5.975534718234417e-19j)
-1.792969,(0.013349602759404703+1.1205415779480705e-19j)
-1.789063,(0.015131970515459746-1.2498860992275192e-18j)
-1.785156,(0.01770823531331213+2.3899987315910042e-18j)
-1.78125,(0.01944650359154048-2.8004244945315197e-19j)
-1.777344,(0.01945243721175315-9.909925255903003e-20j)
-1.773438,(0.018344254340403644+5.839387601439974e-19j)
-1.769531,(0.01739956387939885+6.319290843644446e-19j)
-1.765625,(0.017205335406440918+1.4318806478852858e-18j)
-1.761719,(0.017427493416680928-1.5450147562730311e-18j)
-1.757813,(0.017672783688205792+3.9020675289555683e-19j)
-1.753906,(0.018038611950362153+5.970460836791459e-19j)
-1.75,(0.01869235855798393+1.5415434227385323e-18j)
-1.746094,(0.01938136856978461+2.9158677434544166e-18j)
-1.742188,(0.019766510862554112+5.506495896521919e-18j)
-1.738281,(0.020029819199743074+7.229536510454427e-18j)
-1.734375,(0.020680237686497953+4.427184182912764e-18j)
-1.730469,(0.021760302680361415+8.642443318053556e-18j)
-1.726563,(0.02273706004659176+8.292521882653932e-18j)
-1.722656,(0.023409172241159782+6.11710055288913e-18j)
-1.71875,(0.024473854454984012+4.934519298728559e-18j)
-1.714844,(0.026631361043386974+7.961612168533998e-18j)
-1.710938,(0.0292236972445344+6.0387915606488375e-18j)
-1.707031,(0.030410451035885622+3.200493537336335e-18j)
-1.703125,(0.029061801411341705+7.70298150851691e-18j)
-1.699219,(0.02616912030252203+5.480674198859707e-18j)
-1.695313,(0.02394515611003901+3.2241033555585193e-18j)
-1.691406,(0.023607558456698548+2.0964273644845194e-18j)
-1.6875,(0.024453801625237123+4.8075745487796145e-18j)
-1.683594,(0.02515605577653831+1.58565114122575e-18j)
-1.679688,(0.025496965922787072+6.832489377399583e-19j)
-1.675781,(0.02649013485836139+4.279552558891067e-18j)
-1.671875,(0.029043282389228795-1.1494716745797222e-18j)
-1.667969,(0.03295061069556401-3.644175285290447e-18j)
-1.664063,(0.03719614508723514-5.762203607253153e-18j)
-1.660156,(0.040865864363415536-2.0434225694256084e-18j)
-1.65625,(0.043668941590891734-4.03193517021513e-18j)
-1.652344,(0.04597420268914226-6.2799588794497806e-18j)
-1.648438,(0.04864340825494772-4.079020818085575e-18j)
-1.644531,(0.05251953054551891-9.893644573499482e-18j)
-1.640625,(0.05757176759912454-9.600621325030506e-18j)
-1.636719,(0.06263576651586794-1.0942264388560344e-17j)
-1.632813,(0.06663529650054195-5.732073917422601e-18j)
-1.628906,(0.07028913069451925-3.642691008721847e-18j)
-1.625,(0.07589323066382844-5.196421862032051e-18j)
-1.621094,(0.08450109350912814-2.589387696770122e-18j)
-1.617188,(0.09335019178575496-5.1435787467030314e-18j)
-1.613281,(0.09709153192621003-5.921086622206208e-18j)
-1.609375,(0.09245091864899677-5.1505432562537654e-18j)
-1.605469,(0.081629782282587-2.2726813720897376e-18j)
-1.601563,(0.07056910711973206-2.77099085890765e-18j)
-1.597656,(0.06371651737584647-2.872578026025042e-18j)
-1.59375,(0.0607588621133291+3.789100171418287e-19j)
-1.589844,(0.05837629469749374+2.64100274782423e-19j)
-1.585938,(0.054445233816559184-1.2817863990604077e-18j)
-1.582031,(0.049950983081748224+6.700718571053036e-19j)
-1.578125,(0.04720573757551798+3.65273579367206e-18j)
-1.574219,(0.04716777505947425+1.7765682834088143e-18j)
-1.570313,(0.048808317663426116+3.4037725417773605e-18j)
-1.566406,(0.05036168442446476+7.919276311569862e-18j)
-1.5625,(0.05043776851422377+7.463992612766239e-18j)
-1.558594,(0.048232550047216806+3.3713630304481427e-18j)
-1.554688,(0.043770557142790066+5.8720529535186426e-18j)
-1.550781,(0.03856178195768708+5.742665625510342e-18j)
-1.546875,(0.03544935190941999+4.229645397633051e-18j)
-1.542969,(0.036717692865300786+5.40672691202308e-18j)
-1.539063,(0.04180551434159022+1.0527112503870789e-17j)
-1.535156,(0.04713393378533631+5.086395055493756e-18j)
-1.53125,(0.04870156174406906+1.087473050652164e-18j)
-1.527344,(0.04521215631041288+3.076040582991029e-18j)
-1.523438,(0.03892331142968719+2.7539393886979948e-18j)
-1.519531,(0.03365681612024007+3.6592274052853286e-18j)
-1.515625,(0.03190859161445499+3.948856121536665e-18j)
-1.511719,(0.03340063814461909+1.0963790603436132e-17j)
-1.507813,(0.03591012526604379+7.085217115553338e-18j)
-1.503906,(0.03743139593836052+4.4550307485737054e-18j)
-1.5,(0.03784032568425689+7.029196754657907e-18j)
-1.496094,(0.03861325418360128+5.9520624310118666e-18j)
-1.492188,(0.04076620446896169+5.29977228368499e-18j)
-1.488281,(0.04307313411420074+4.102425005695134e-18j)
-1.484375,(0.04281288891707987+9.042730243878163e-18j)
-1.480469,(0.03880313563981056+4.900447957359915e-18j)
-1.476563,(0.03350479476485067+2.2165302306805268e-18j)
-1.472656,(0.03127932017349108+5.624992025478884e-18j)
-1.46875,(0.03399787722746568+5.5150892816974676e-18j)
-1.464844,(0.03869917375200825+6.139154718788907e-18j)
-1.460938,(0.04027095460773208+4.150050702155764e-18j)
-1.457031,(0.03655774781048661+8.033788338556288e-18j)
-1.453125,(0.030340604378248214+5.770116949820581e-18j)
-1.449219,(0.026084086497964915+3.933607851219567e-18j)
-1.445313,(0.02527301938483876+9.415654812892389e-18j)
-1.441406,(0.025507941222454884+7.150946255341545e-18j)
-1.4375,(0.023853830707189532+7.450845750220945e-18j)
-1.433594,(0.02012401266395874+3.837941121900117e-18j)
-1.429688,(0.016500267431400022+3.819111433188645e-18j)
-1.425781,(0.014651028466550836+1.0330269565963015e-18j)
-1.421875,(0.014119014140362006-4.5797195477507645e-18j)
-1.417969,(0.013451663020201225-2.0992341996836017e-18j)
-1.414063,(0.012006405684901123-5.473479808245138e-18j)
-1.410156,(0.010157769830479696-6.6024607860806624e-18j)
-1.40625,(0.008296604157776678-8.310234465474218e-18j)
-1.402344,(0.006451575445074526-6.1392565936345005e-18j)
-1.398438,(0.004889882446170305-4.9447681368999764e-18j)
-1.394531,(0.004325569709841861-5.288636246572903e-18j)
-1.390625,(0.00504964843627994-1.4804097462871752e-19j)
-1.386719,(0.006191159007166214-3.693116399568275e-18j)
-1.382813,(0.006402106884131877-6.9044943443284185e-18j)
-1.378906,(0.005298689691318793-6.766982988395623e-18j)
-1.375,(0.0038410403781267894-4.6137096590428676e-18j)
-1.371094,(0.003187776916310454-4.1306017172873824e-18j)
-1.367188,(0.0035130090557490634-5.894261867310949e-18j)
-1.363281,(0.004145418971708384-1.2282494393279927e-18j)
-1.359375,(0.004538567207095651-5.095131153445329e-18j)
-1.355469,(0.0046826104041553015-7.94283541306773e-18j)
-1.351563,(0.004672346135226454-5.4870094315935315e-18j)
-1.347656,(0.004381562400704883-2.4092907448989144e-18j)
-1.34375,(0.003768992851135654-1.2060621362180992e-18j)
-1.339844,(0.0031597253574800113-4.021345375281378e-18j)
-1.335938,(0.0028838783055691423+1.240622526853072e-18j)
-1.332031,(0.002807336612603153-5.69330444592498e-18j)
-1.328125,(0.002595125662970869-9.853042790440107e-18j)
-1.324219,(0.002380340596749277-8.967064874745725e-18j)
-1.320313,(0.002702935919515602-8.89603243945236e-18j)
-1.316406,(0.0035978557360889568-3.9978069534155835e-18j)
-1.3125,(0.004173696633909241-5.238767593669724e-18j)
-1.308594,(0.0035862124612980086+1.5109936136374098e-18j)
-1.304688,(0.002304555228314927-5.626944556710681e-18j)
-1.300781,(0.0018491524179294026-4.2106840248086066e-18j)
-1.296875,(0.0030529356902842435-3.253256959947158e-18j)
-1.292969,(0.004965118579183736-2.608801573291433e-18j)
-1.289063,(0.005854954476197624+2.5491709676607402e-18j)
-1.285156,(0.005113560960721472+9.775332226863267e-19j)
-1.28125,(0.003733091467359245+4.421110607811573e-18j)
-1.277344,(0.0029473677547316186-3.2181792944588733e-18j)
-1.273438,(0.0029248384980235264-1.6772769988830733e-18j)
-1.269531,(0.0030598195381421776-3.1802185805140237e-18j)
-1.265625,(0.003112552526646009-3.118612953212065e-18j)
-1.261719,(0.003480905712738165+1.8040821530135878e-18j)
-1.257813,(0.00439961647460153+2.1228682805378554e-19j)
-1.253906,(0.005441223629063961+2.3020865983358043e-18j)
-1.25,(0.006061882343396055-4.580319904256974e-18j)
-1.246094,(0.006243596555246342-4.803746907457803e-18j)
-1.242188,(0.0061979008565154654-6.279360782488999e-18j)
-1.238281,(0.005702397110417932-7.985568011779875e-18j)
-1.234375,(0.004348477500453256-1.68761680892865e-18j)
-1.230469,(0.002540814182791833-5.084503470529484e-18j)
-1.226563,(0.001650206097273521+2.6181263784916116e-19j)
-1.222656,(0.002660739411030082-2.716661499195387e-18j)
-1.21875,(0.004858518112203377-5.44385756700529e-18j)
-1.214844,(0.00636891776520029-4.4859426220242814e-18j)
-1.210938,(0.006045615008008689-1.023484753560625e-17j)
-1.207031,(0.00444444690979706-5.4544094251795376e-18j)
-1.203125,(0.002864428194052615-9.646014455866467e-18j)
-1.199219,(0.001965944698792532-5.45100168064501e-18j)
-1.195313,(0.0017446877319220837-1.0485260189309595e-17j)
-1.191406,(0.002403844852274318-8.98421694647691e-18j)
-1.1875,(0.004328184150581038-7.804255068070866e-18j)
-1.183594,(0.006964267865079578-1.2065008961005432e-17j)
-1.179688,(0.008524627168929584-8.567926083726755e-18j)
-1.175781,(0.007645246156519916-1.1178608183486599e-17j)
-1.171875,(0.005211473030921599-8.475501212375771e-18j)
-1.167969,(0.0037330906090821295-1.7386592005484565e-17j)
-1.164063,(0.004557195406087265-1.5694892916263148e-17j)
-1.160156,(0.006224880629466401-1.9068151400885506e-17j)
-1.15625,(0.006179031374026495-2.352407560331243e-17j)
-1.152344,(0.0039021572366126278-1.726673735442287e-17j)
-1.148438,(0.001661479855362303-1.4466141675006063e-17j)
-1.144531,(0.0019048134286937834-9.390355763903253e-18j)
-1.140625,(0.004413629242979997-1.427849200850032e-17j)
-1.136719,(0.006533590696368745-1.151483493449896e-17j)
-1.132813,(0.006079677678229439-1.3498278687840578e-17j)
-1.128906,(0.0035472717821287895-1.6257013512721418e-17j)
-1.125,(0.001394666531020088-9.658279208973525e-18j)
-1.121094,(0.001545804016996399-7.41447945764903e-18j)
-1.117188,(0.003806901358645873-5.345816878309027e-18j)
-1.113281,(0.0063954372892095655-7.831465915051079e-18j)
-1.109375,(0.007600882473671824-6.814982505453025e-18j)
-1.105469,(0.007026248023694549-6.601507909866382e-18j)
-1.101563,(0.0056905908540659245-7.619754905639299e-18j)
-1.097656,(0.00513803126811261-2.162526556938371e-18j)
-1.09375,(0.006161219769841233-4.339664865281014e-19j)
-1.089844,(0.008051173869669305-9.227295178336664e-19j)
-1.085938,(0.009116221962066542-1.2574108603646629e-19j)
-1.082031,(0.008159494596375435+1.5735665851976232e-18j)
-1.078125,(0.005516340585191967-2.841983511384516e-19j)
-1.074219,(0.002618312273495161-1.851789504156428e-18j)
-1.070313,(0.000716843451547961+4.06583955878602e-19j)
-1.066406,(0.0002715424322494583+2.4322716752294494e-19j)
-1.0625,(0.001355359205585748-3.275618500003355e-18j)
-1.058594,(0.003905340508190387-3.427672270681878e-18j)
-1.054688,(0.007103932490888268-2.3232062802561454e-18j)
-1.050781,(0.009040257190342267-3.464871182349309e-18j)
-1.046875,(0.00805343783097654-6.253372604074566e-18j)
-1.042969,(0.0048151486637673995-6.735813967214959e-18j)
-1.039063,(0.0023792278195845745-2.767694520564524e-18j)
-1.035156,(0.0032890990212341466-4.378134142196065e-18j)
-1.03125,(0.0066691028186043255-4.2954801403486e-18j)
-1.027344,(0.00894579672633699-2.5091576457344853e-18j)
-1.023438,(0.007798735049302885-1.8149251859431297e-18j)
-1.019531,(0.004828779608389045-5.4921459170578965e-18j)
-1.015625,(0.0036578962632353353-6.374958241942334e-18j)
-1.011719,(0.005611053662989115-1.5830167413633824e-19j)
-1.007813,(0.008119356009956277-1.2480113254292939e-18j)
-1.003906,(0.007729906103727363-1.2755141495015505e-18j)
-1.0,(0.004111334210000939+7.079806729137743e-20j)
-0.996094,(0.00042785599376589064+2.8747286255776402e-18j)
-0.992188,(-9.230377429461008e-05+7.756820540229918e-19j)
-0.988281,(0.0026860705458275178-6.797363538495224e-19j)
-0.984375,(0.0061548242556679735+4.624785620985374e-18j)
-0.980469,(0.007790415581580898+2.5949967550704952e-18j)
-0.976563,(0.007143762503284254+2.3487631540970115e-18j)
-0.972656,(0.0054463333430515275+3.334594304774143e-18j)
-0.96875,(0.004092042439654794+6.4748280533570415e-18j)
-0.964844,(0.0037256278657352543+3.2075464040526643e-18j)
-0.960938,(0.004211299032680726+4.234358542383317e-18j)
-0.957031,(0.004899527467971562+1.0461658180563765e-17j)
-0.953125,(0.005044999632016025+6.8960450111945815e-18j)
-0.949219,(0.004466378946912157+8.481560718877553e-18j)
-0.945313,(0.003912274005456956+8.980455199567766e-18j)
-0.941406,(0.004419686269059627+1.1333125590081437e-17j)
-0.9375,(0.006089164033699983+6.401556663767255e-18j)
-0.933594,(0.007728510488137834+6.715741493753596e-18j)
-0.929688,(0.007984736537256025+9.819856086419867e-18j)
-0.925781,(0.006710779353604166+4.175407391076096e-18j)
-0.921875,(0.0049500670915272795+7.633073964286903e-18j)
-0.917969,(0.003693229128301634+1.1089227088441361e-17j)
-0.914063,(0.003081005044509207+1.1902138325127115e-17j)
-0.910156,(0.00291232107969639+8.391075712747582e-18j)
-0.90625,(0.003392535738634742+8.922317947936382e-18j)
-0.902344,(0.0048161705465134454+9.2152308096336e-18j)
-0.898438,(0.0066344195475249125+3.709774734657906e-18j)
-0.894531,(0.007483008615024157+4.8420985832038465e-18j)
-0.890625,(0.006505155733379204+7.365198313583566e-18j)
-0.886719,(0.004412246651225205+8.062949201704569e-18j)
-0.882813,(0.0028943823486064046+3.9637278682575196e-18j)
-0.878906,(0.0030365581912056715+3.350348238786647e-18j)
-0.875,(0.004526266263695928+3.0829723912877728e-18j)
-0.871094,(0.006257516674208408+9.21969960357064e-21j)
-0.867188,(0.0072818737424535365+4.1341317283612104e-19j)
-0.863281,(0.007145230490706256+2.008333764895495e-18j)
-0.859375,(0.005901632117165273+6.6638878198842075e-18j)
-0.855469,(0.00432921494394402-1.498694606431134e-19j)
-0.851563,(0.00385099499088838-6.2145351160215395e-19j)
-0.847656,(0.0054420123069377204-8.534667017030956e-19j)
-0.84375,(0.008281447690182082-2.5419476936344925e-18j)
-0.839844,(0.009979930546571817-3.1280002427860744e-18j)
-0.835938,(0.008752001936846233-1.889680981586843e-18j)
-0.832031,(0.005344363149316381+3.466122608390468e-18j)
-0.828125,(0.0023902866790772603-1.1108353648661947e-18j)
-0.824219,(0.0017830120045060028+1.5026852247046029e-18j)
-0.820313,(0.0030580237053503038+3.9887518824019945e-18j)
-0.816406,(0.0044730896554843295+3.421602458042487e-18j)
-0.8125,(0.005135153746036681+1.4467051810158775e-19j)
-0.808594,(0.00551074808507606+1.619729929941479e-18j)
-0.804688,(0.0061251332929433844+3.230359976054343e-18j)
-0.800781,(0.006647805459973287-2.852835393759487e-18j)
-0.796875,(0.0066429014966806425-1.1760524335579408e-19j)
-0.792969,(0.006593026040562998+1.7390307203281693e-18j)
-0.789063,(0.0073671189823127856+2.1022421182442467e-18j)
-0.785156,(0.008731084406238501-1.778805157487261e-18j)
-0.78125,(0.009180623204408194+2.119380661004325e-19j)
-0.777344,(0.007698711456538673+1.5870299302025602e-18j)
-0.773438,(0.005251886981415062-1.9885581498460572e-18j)
-0.769531,(0.003931916214334535+1.042926913978368e-18j)
-0.765625,(0.00467070818031361+1.839664302383218e-18j)
-0.761719,(0.006340455299880545+1.081478100156775e-18j)
-0.757813,(0.007244375869110514-4.17032773129715e-18j)
-0.753906,(0.006977652842739577-7.102597117718989e-19j)
-0.75,(0.0064156593473994996+1.5150151705599283e-18j)
-0.746094,(0.006242247108985719+2.229457591764607e-18j)
-0.742188,(0.006209648413015269+4.22812250425766e-18j)
-0.738281,(0.005963053993325394+3.616127359787535e-18j)
-0.734375,(0.00594766985226552+3.549071243649859e-18j)
-0.730469,(0.00692885990807255-5.100078969113266e-19j)
-0.726563,(0.00878071527887536+1.1865737625258667e-18j)
-0.722656,(0.010297677986800572+1.2466091106353771e-18j)
-0.71875,(0.010378759017269472+5.6538343061331254e-18j)
-0.714844,(0.009116080227607343+4.2517368865814254e-18j)
-0.710938,(0.007557059651407099+4.7429041814820195e-18j)
-0.707031,(0.006640935078651228+6.151572699267143e-18j)
-0.703125,(0.006584128332676247+1.684537698491393e-18j)
-0.699219,(0.007061867036132538+4.7036874720682894e-18j)
-0.695313,(0.0075739841664073295+3.0407831624856972e-18j)
-0.691406,(0.007653718533491118+6.99907870232317e-18j)
-0.6875,(0.0071736039556921155+3.169328500782724e-18j)
-0.683594,(0.006679777185454245+2.8961428538037397e-18j)
-0.679688,(0.007085103653070784+4.057749166590889e-18j)
-0.675781,(0.008608233779946675+1.2013746451367762e-19j)
-0.671875,(0.010130942009641786+3.2509467860122977e-18j)
-0.667969,(0.010106514937243441+7.792180879870142e-19j)
-0.664063,(0.008295246939542896+4.429569704188512e-18j)
-0.660156,(0.006262405475155497+1.1013803325957522e-18j)
-0.65625,(0.005841749778749879-8.23189180101236e-19j)
-0.652344,(0.007270030501636995+6.557649025240824e-19j)
-0.648438,(0.00914722387174925-4.9567842579768036e-18j)
-0.644531,(0.010091840173513394-2.71071702579258e-18j)
-0.640625,(0.00995642805368423-5.914999907041405e-18j)
-0.636719,(0.009349862156645832-1.1432778902167495e-18j)
-0.632813,(0.008576327243493076-1.3138867494001319e-18j)
-0.628906,(0.007598048609446512-3.195870988727351e-18j)
-0.625,(0.006761257433117161-4.135570971381435e-19j)
-0.621094,(0.006753909925944228-1.5913651612200382e-18j)
-0.617188,(0.007560074082867634-1.0056918601360308e-19j)
-0.613281,(0.008040718985853164-4.8437495445908214e-18j)
-0.609375,(0.0071827923271434845+1.1257946643899831e-18j)
-0.605469,(0.005598286774537637-1.6792713476631937e-18j)
-0.601563,(0.005110972164220709-3.4403559921236823e-18j)
-0.597656,(0.006639931292489182-2.823879463126288e-18j)
-0.59375,(0.008983825780354433-2.610608333757245e-18j)
-0.589844,(0.01011965549072581-3.2671564310092157e-18j)
-0.585938,(0.009420428353474617-7.340389893647788e-18j)
-0.582031,(0.008064826775104821-2.4402867297067137e-19j)
-0.578125,(0.0073608644473646115-5.073276403207251e-18j)
-0.574219,(0.007349581330670774-4.920351647099698e-18j)
-0.570313,(0.007354522516345922-4.221301117801594e-18j)
-0.566406,(0.007295853223871709-3.876862624623597e-18j)
-0.5625,(0.007695450115815053-3.316049498108549e-18j)
-0.558594,(0.008492170975500098-4.929552132101577e-18j)
-0.554688,(0.008708461839247455+3.762598063301887e-18j)
-0.550781,(0.0077602631882619155-2.439452404991731e-18j)
-0.546875,(0.006585972078073078-1.2924728069740445e-18j)
-0.542969,(0.0067153252191946644-1.9873884895399197e-19j)
-0.539063,(0.008229779639136346+3.566415621193886e-19j)
-0.535156,(0.00936050896478625-2.857286077793095e-19j)
-0.53125,(0.008529327969128923+3.1000746128598676e-19j)
-0.527344,(0.006389260939553111+6.931627659923211e-18j)
-0.523438,(0.005227093699856786+2.0345345085133237e-18j)
-0.519531,(0.006330426865284685+9.750806145961616e-19j)
-0.515625,(0.008460847570082988-1.4023579571314927e-18j)
-0.511719,(0.009232051554034023+2.8464743447155056e-18j)
-0.507813,(0.007759328462877384+1.3218437586455255e-18j)
-0.503906,(0.005621709570401323+2.7230338417569283e-18j)
-0.5,(0.005241765324138237+6.392500360388496e-18j)
-0.496094,(0.007505890873509408+9.5820625633546e-19j)
-0.492188,(0.010902667144993912-7.010503782417557e-19j)
-0.488281,(0.012759133918590187-2.7503224700292688e-18j)
-0.484375,(0.011400286378624457+3.867842537959319e-18j)
-0.480469,(0.007547834935450337+2.6591726901662823e-18j)
-0.476563,(0.0038669630508458464+2.6741707867346115e-18j)
-0.472656,(0.0028320394365047236+5.351921657475451e-18j)
-0.46875,(0.004542069471482416-1.7241151294495743e-19j)
-0.464844,(0.006588737912579331-1.5413830239029769e-18j)
-0.460938,(0.006449030840579628-2.366462743556841e-18j)
-0.457031,(0.004171530774563937+4.790966550233039e-18j)
-0.453125,(0.0023892680689838173+3.969319224295678e-18j)
-0.449219,(0.0034034430274371666+2.641168148784598e-18j)
-0.445313,(0.006519132732967512+6.576145529461904e-18j)
-0.441406,(0.008749681892061174+1.7937815155936113e-18j)
-0.4375,(0.008141578015544998+3.292575022789346e-19j)
-0.433594,(0.0058591043789285-1.4043830790692209e-18j)
-0.429688,(0.004687304154952227+5.772897612212981e-18j)
-0.425781,(0.005899197981401395+3.3711285502187586e-18j)
-0.421875,(0.008157610736532078+3.8375238826043544e-18j)
-0.417969,(0.009341565176170002+3.497308295339107e-18j)
-0.414063,(0.008713200017816+1.3438862327415667e-18j)
-0.410156,(0.007013174747569294-6.002392474596219e-19j)
-0.40625,(0.0051188796711589424-1.0790897121947793e-18j)
-0.402344,(0.0034404984405591774+4.951217103803617e-18j)
-0.398438,(0.002495276446026819+3.2889849064902737e-18j)
-0.394531,(0.003079883239644443+7.476444691762301e-18j)
-0.390625,(0.005246765152772879+7.862275335600804e-18j)
-0.386719,(0.007553510157647867+5.187185316727084e-18j)
-0.382813,(0.008149188630609283+1.5628602472610855e-18j)
-0.378906,(0.0067501681280623185+4.590905452247602e-19j)
-0.375,(0.005014859267851834+4.1760098872493254e-18j)
-0.371094,(0.004686494054127657+3.333356712114835e-18j)
-0.367188,(0.00576417624836453+4.4975231467412945e-18j)
-0.363281,(0.00691329317807655+6.402143484526907e-18j)
-0.359375,(0.007359725418409578+2.8620088449730978e-18j)
-0.355469,(0.007668719674801194+2.6349345156569617e-18j)
-0.351563,(0.008530777621323251+2.130537490320476e-18j)
-0.347656,(0.009465599137018004+6.531682531688219e-18j)
-0.34375,(0.009349215579653153+7.37895441958911e-18j)
-0.339844,(0.008009782499802602+4.078733810681987e-18j)
-0.335938,(0.006618420434032224+3.3468689240902944e-18j)
-0.332031,(0.006286705691265636+5.722532743522142e-20j)
-0.328125,(0.006739826044391945-1.841068535094418e-18j)
-0.324219,(0.006789129654228506-4.549999844100867e-18j)
-0.320313,(0.0059112548362261754-6.240739919440291e-19j)
-0.316406,(0.004894513964741085+2.970368425597834e-18j)
-0.3125,(0.0048739549426830946+7.635734773191658e-19j)
-0.308594,(0.006085879081831379-2.845445848481078e-20j)
-0.304688,(0.007736593996324445-7.594374441492839e-19j)
-0.300781,(0.008823244046526733-1.6743271352938156e-18j)
-0.296875,(0.008846248861472417-3.8285892417015616e-18j)
-0.292969,(0.007946565215590572+4.8928650498012953e-20j)
-0.289063,(0.006741702955731339-2.488538171209133e-18j)
-0.285156,(0.005999838751270608-5.664334476305627e-18j)
-0.28125,(0.00605223996362503-5.127352744538035e-18j)
-0.277344,(0.006342874579180319-3.8929302630596275e-18j)
-0.273438,(0.005898868212054562-3.545240130678382e-18j)
-0.269531,(0.004591360612978959-1.3414133719851655e-18j)
-0.265625,(0.0037122286152880585+4.682056309672422e-18j)
-0.261719,(0.004766704227481479+2.4814597358387352e-18j)
-0.257813,(0.0075735374644392605+1.1269097470658602e-18j)
-0.253906,(0.010012269257743782+3.402586939440304e-18j)
-0.25,(0.010035686329902966+1.7431439586956887e-18j)
-0.246094,(0.007762500322562951+1.9038583220855266e-18j)
-0.242188,(0.005237642860578715+3.600952942729854e-18j)
-0.238281,(0.004256162564968839+5.78934303717409e-18j)
-0.234375,(0.004898354885704946+3.977637844808425e-18j)
-0.230469,(0.0062329399984121505+1.774518489056887e-18j)
-0.226563,(0.007756721558093629+2.7058105889446877e-18j)
-0.222656,(0.009492303295973788+3.473668596166632e-18j)
-0.21875,(0.010941437244795543+4.4821797520343985e-18j)
-0.214844,(0.010882363594542218+5.1691648505720995e-18j)
-0.210938,(0.00872238867509944+4.766788040483659e-18j)
-0.207031,(0.00566575732987389+3.321921720645075e-18j)
-0.203125,(0.003926798709043439-5.244398867559675e-19j)
-0.199219,(0.004736454788870244-5.682013544587141e-19j)
-0.195313,(0.00745500152067196-7.7539352380369035e-19j)
-0.191406,(0.010593208698316162+2.0451811832067535e-18j)
-0.1875,(0.01316516626419073+1.3038469036037601e-18j)
-0.183594,(0.014814071242088908+5.417606971682369e-18j)
-0.179688,(0.015237242511866428+2.7647782437819757e-18j)
-0.175781,(0.014343777156974205-9.704344154129619e-19j)
-0.171875,(0.01303050361084307-2.9549479398324868e-18j)
-0.167969,(0.013003874286772176-3.1372132253485153e-18j)
-0.164063,(0.015189462070233934-1.1677382692287185e-18j)
-0.160156,(0.018520918232538496-5.401889937125249e-18j)
-0.15625,(0.0208832591751928-6.351231100424922e-19j)
-0.152344,(0.021356070866636902-3.4658000572594385e-18j)
-0.148438,(0.02112776297751756-5.124505932326718e-18j)
-0.144531,(0.022030147866108716-5.303677359813942e-18j)
-0.140625,(0.024546622349674075-5.11053074285935e-18j)
-0.136719,(0.027588525834025792-2.435515133495099e-18j)
-0.132813,(0.0299385618482092-5.268479800871569e-18j)
-0.128906,(0.03137931725335091-1.7414455432632775e-18j)
-0.125,(0.03243717295289863-3.1716774857808196e-18j)
-0.121094,(0.033631474610963975-2.7988327580507064e-18j)
-0.117188,(0.03527476567957177-4.687746836406649e-18j)
-0.113281,(0.03747684443359799-3.979734050835225e-18j)
-0.109375,(0.039687880382640546+4.241166787375893e-21j)
-0.105469,(0.0405030184158237-2.465440552668028e-18j)
-0.101563,(0.03899645728187906-8.715061193670082e-19j)
-0.097656,(0.03687241815605389-3.591133206805725e-19j)
-0.09375,(0.038613296111303624+5.13376909990322e-20j)
-0.089844,(0.04815373118401773-2.833669594098791e-18j)
-0.085938,(0.0647467969088436-2.9096357990043512e-18j)
-0.082031,(0.0826229598709816+6.925668441521678e-19j)
-0.078125,(0.09565236993740803-1.568823665416683e-18j)
-0.074219,(0.10277471679816866+3.213246328638754e-18j)
-0.070313,(0.10867823080027689+3.273202153231629e-18j)
-0.066406,(0.11885762250684619+3.8193087923622444e-18j)
-0.0625,(0.13387555033031986-2.719578106674191e-18j)
-0.058594,(0.1484248500674451-1.6055701049301e-18j)
-0.054688,(0.15604501104703142+3.4413415839980557e-19j)
-0.050781,(0.154993110080928-3.30006649056383e-18j)
-0.046875,(0.1498061424039638+3.8241122946307295e-18j)
-0.042969,(0.14707514836895372+8.285786292121152e-19j)
-0.039063,(0.1492118961546491+1.129639191686332e-18j)
-0.035156,(0.15202936100113215-2.6530146797484075e-18j)
-0.03125,(0.14882043569044415+1.6619290521468562e-19j)
-0.027344,(0.1375286613231429+1.8931008996708854e-18j)
-0.023438,(0.12392147870332614-6.657621956939111e-19j)
-0.019531,(0.11666880710215655+7.359050747027868e-18j)
-0.015625,(0.11819233041789436+1.305061353031614e-18j)
-0.011719,(0.1204405752919023+4.1814126570207756e-19j)
-0.007813,(0.11095835872436871+5.73477033262083e-20j)
-0.003906,(0.08440501157011644+2.3538181388660165e-18j)
