x-axis,1
second,Volt
-4.000000E+00,-20.101E-03
-3.998000E+00,-20.101E-03
-3.996000E+00,-20.101E-03
-3.994000E+00,-8.040E-03
-3.992000E+00,-20.101E-03
-3.990000E+00,-20.101E-03
-3.988000E+00,-20.101E-03
-3.986000E+00,-12.060E-03
-3.984000E+00,-20.101E-03
-3.982000E+00,-20.101E-03
-3.980000E+00,-20.101E-03
-3.978000E+00,-20.101E-03
-3.976000E+00,-20.101E-03
-3.974000E+00,-20.101E-03
-3.972000E+00,-20.101E-03
-3.970000E+00,-20.101E-03
-3.968000E+00,-16.080E-03
-3.966000E+00,-8.040E-03
-3.964000E+00,-20.101E-03
-3.962000E+00,-20.101E-03
-3.960000E+00,-20.101E-03
-3.958000E+00,-20.101E-03
-3.956000E+00,-20.101E-03
-3.954000E+00,-12.060E-03
-3.952000E+00,-20.101E-03
-3.950000E+00,-20.101E-03
-3.948000E+00,-36.181E-03
-3.946000E+00,-20.101E-03
-3.944000E+00,-20.101E-03
-3.942000E+00,-16.080E-03
-3.940000E+00,-20.101E-03
-3.938000E+00,-20.101E-03
-3.936000E+00,-32.161E-03
-3.934000E+00,-20.101E-03
-3.932000E+00,-20.101E-03
-3.930000E+00,-20.101E-03
-3.928000E+00,-20.101E-03
-3.926000E+00,-20.101E-03
-3.924000E+00,-12.060E-03
-3.922000E+00,-20.101E-03
-3.920000E+00,-20.101E-03
-3.918000E+00,-20.101E-03
-3.916000E+00,-20.101E-03
-3.914000E+00,-20.101E-03
-3.912000E+00,-40.201E-03
-3.910000E+00,-20.101E-03
-3.908000E+00,-20.101E-03
-3.906000E+00,-8.040E-03
-3.904000E+00,-20.101E-03
-3.902000E+00,-20.101E-03
-3.900000E+00,-20.101E-03
-3.898000E+00,-20.101E-03
-3.896000E+00,-20.101E-03
-3.894000E+00,-16.080E-03
-3.892000E+00,-20.101E-03
-3.890000E+00,-20.101E-03
-3.888000E+00,-4.020E-03
-3.886000E+00,-12.060E-03
-3.884000E+00,-20.101E-03
-3.882000E+00,-20.101E-03
-3.880000E+00,-20.101E-03
-3.878000E+00,-20.101E-03
-3.876000E+00,-20.101E-03
-3.874000E+00,-20.101E-03
-3.872000E+00,-20.101E-03
-3.870000E+00,-20.101E-03
-3.868000E+00,-20.101E-03
-3.866000E+00,-28.141E-03
-3.864000E+00,-20.101E-03
-3.862000E+00,-20.101E-03
-3.860000E+00,-20.101E-03
-3.858000E+00,-20.101E-03
-3.856000E+00,-20.101E-03
-3.854000E+00,-20.101E-03
-3.852000E+00,-20.101E-03
-3.850000E+00,-20.101E-03
-3.848000E+00,-4.020E-03
-3.846000E+00,-20.101E-03
-3.844000E+00,-20.101E-03
-3.842000E+00,-4.020E-03
-3.840000E+00,-20.101E-03
-3.838000E+00,-20.101E-03
-3.836000E+00,-20.101E-03
-3.834000E+00,-20.101E-03
-3.832000E+00,-20.101E-03
-3.830000E+00,-20.101E-03
-3.828000E+00,-20.101E-03
-3.826000E+00,-20.101E-03
-3.824000E+00,-20.101E-03
-3.822000E+00,-20.101E-03
-3.820000E+00,-20.101E-03
-3.818000E+00,-20.101E-03
-3.816000E+00,-12.060E-03
-3.814000E+00,-20.101E-03
-3.812000E+00,+152.764E-03
-3.810000E+00,-20.101E-03
-3.808000E+00,-20.101E-03
-3.806000E+00,-20.101E-03
-3.804000E+00,+0.0E+00
-3.802000E+00,-20.101E-03
-3.800000E+00,-0.0E+00
-3.798000E+00,-20.101E-03
-3.796000E+00,-20.101E-03
-3.794000E+00,-20.101E-03
-3.792000E+00,-20.101E-03
-3.790000E+00,-20.101E-03
-3.788000E+00,-4.020E-03
-3.786000E+00,-8.040E-03
-3.784000E+00,-20.101E-03
-3.782000E+00,-20.101E-03
-3.780000E+00,-20.101E-03
-3.778000E+00,-20.101E-03
-3.776000E+00,-20.101E-03
-3.774000E+00,-20.101E-03
-3.772000E+00,-20.101E-03
-3.770000E+00,-20.101E-03
-3.768000E+00,-20.101E-03
-3.766000E+00,-12.060E-03
-3.764000E+00,-20.101E-03
-3.762000E+00,-20.101E-03
-3.760000E+00,-20.101E-03
-3.758000E+00,-20.101E-03
-3.756000E+00,-20.101E-03
-3.754000E+00,-20.101E-03
-3.752000E+00,-20.101E-03
-3.750000E+00,-20.101E-03
-3.748000E+00,-16.080E-03
-3.746000E+00,-12.060E-03
-3.744000E+00,-20.101E-03
-3.742000E+00,-20.101E-03
-3.740000E+00,-20.101E-03
-3.738000E+00,-20.101E-03
-3.736000E+00,-20.101E-03
-3.734000E+00,-20.101E-03
-3.732000E+00,-36.181E-03
-3.730000E+00,-20.101E-03
-3.728000E+00,-20.101E-03
-3.726000E+00,-20.101E-03
-3.724000E+00,-20.101E-03
-3.722000E+00,-20.101E-03
-3.720000E+00,-20.101E-03
-3.718000E+00,-20.101E-03
-3.716000E+00,-20.101E-03
-3.714000E+00,-20.101E-03
-3.712000E+00,-273.367E-03
-3.710000E+00,-20.101E-03
-3.708000E+00,-20.101E-03
-3.706000E+00,-20.101E-03
-3.704000E+00,-20.101E-03
-3.702000E+00,-24.121E-03
-3.700000E+00,-20.101E-03
-3.698000E+00,-20.101E-03
-3.696000E+00,-20.101E-03
-3.694000E+00,-20.101E-03
-3.692000E+00,-36.181E-03
-3.690000E+00,-20.101E-03
-3.688000E+00,-4.020E-03
-3.686000E+00,-20.101E-03
-3.684000E+00,-20.101E-03
-3.682000E+00,-20.101E-03
-3.680000E+00,-20.101E-03
-3.678000E+00,-20.101E-03
-3.676000E+00,-20.101E-03
-3.674000E+00,-20.101E-03
-3.672000E+00,-16.080E-03
-3.670000E+00,-20.101E-03
-3.668000E+00,-20.101E-03
-3.666000E+00,-20.101E-03
-3.664000E+00,-20.101E-03
-3.662000E+00,-20.101E-03
-3.660000E+00,-20.101E-03
-3.658000E+00,-20.101E-03
-3.656000E+00,-20.101E-03
-3.654000E+00,-20.101E-03
-3.652000E+00,-36.181E-03
-3.650000E+00,-20.101E-03
-3.648000E+00,-16.080E-03
-3.646000E+00,-20.101E-03
-3.644000E+00,-20.101E-03
-3.642000E+00,-20.101E-03
-3.640000E+00,-20.101E-03
-3.638000E+00,-20.101E-03
-3.636000E+00,-20.101E-03
-3.634000E+00,-20.101E-03
-3.632000E+00,-20.101E-03
-3.630000E+00,-20.101E-03
-3.628000E+00,-20.101E-03
-3.626000E+00,-20.101E-03
-3.624000E+00,-12.060E-03
-3.622000E+00,-20.101E-03
-3.620000E+00,-20.101E-03
-3.618000E+00,-20.101E-03
-3.616000E+00,-20.101E-03
-3.614000E+00,-20.101E-03
-3.612000E+00,-96.482E-03
-3.610000E+00,-40.201E-03
-3.608000E+00,-20.101E-03
-3.606000E+00,-8.040E-03
-3.604000E+00,-20.101E-03
-3.602000E+00,-24.121E-03
-3.600000E+00,-20.101E-03
-3.598000E+00,-20.101E-03
-3.596000E+00,-20.101E-03
-3.594000E+00,-20.101E-03
-3.592000E+00,-20.101E-03
-3.590000E+00,-20.101E-03
-3.588000E+00,-20.101E-03
-3.586000E+00,-20.101E-03
-3.584000E+00,-20.101E-03
-3.582000E+00,-20.101E-03
-3.580000E+00,-20.101E-03
-3.578000E+00,-20.101E-03
-3.576000E+00,-28.141E-03
-3.574000E+00,-20.101E-03
-3.572000E+00,-20.101E-03
-3.570000E+00,-20.101E-03
-3.568000E+00,-20.101E-03
-3.566000E+00,-20.101E-03
-3.564000E+00,-20.101E-03
-3.562000E+00,-20.101E-03
-3.560000E+00,-20.101E-03
-3.558000E+00,-20.101E-03
-3.556000E+00,-20.101E-03
-3.554000E+00,-20.101E-03
-3.552000E+00,+0.0E+00
-3.550000E+00,-40.201E-03
-3.548000E+00,+8.040E-03
-3.546000E+00,-20.101E-03
-3.544000E+00,-20.101E-03
-3.542000E+00,-20.101E-03
-3.540000E+00,-20.101E-03
-3.538000E+00,-20.101E-03
-3.536000E+00,-12.060E-03
-3.534000E+00,-20.101E-03
-3.532000E+00,-20.101E-03
-3.530000E+00,-20.101E-03
-3.528000E+00,-20.101E-03
-3.526000E+00,-20.101E-03
-3.524000E+00,-20.101E-03
-3.522000E+00,-16.080E-03
-3.520000E+00,-20.101E-03
-3.518000E+00,-20.101E-03
-3.516000E+00,-20.101E-03
-3.514000E+00,-20.101E-03
-3.512000E+00,+108.543E-03
-3.510000E+00,-40.201E-03
-3.508000E+00,-20.101E-03
-3.506000E+00,-20.101E-03
-3.504000E+00,-20.101E-03
-3.502000E+00,-20.101E-03
-3.500000E+00,-20.101E-03
-3.498000E+00,-20.101E-03
-3.496000E+00,-20.101E-03
-3.494000E+00,-20.101E-03
-3.492000E+00,-20.101E-03
-3.490000E+00,-20.101E-03
-3.488000E+00,-24.121E-03
-3.486000E+00,-20.101E-03
-3.484000E+00,-20.101E-03
-3.482000E+00,-24.121E-03
-3.480000E+00,-20.101E-03
-3.478000E+00,-20.101E-03
-3.476000E+00,-20.101E-03
-3.474000E+00,-20.101E-03
-3.472000E+00,-20.101E-03
-3.470000E+00,-20.101E-03
-3.468000E+00,-20.101E-03
-3.466000E+00,+0.0E+00
-3.464000E+00,-20.101E-03
-3.462000E+00,-20.101E-03
-3.460000E+00,-20.101E-03
-3.458000E+00,-16.080E-03
-3.456000E+00,-20.101E-03
-3.454000E+00,-20.101E-03
-3.452000E+00,-16.080E-03
-3.450000E+00,-20.101E-03
-3.448000E+00,-24.121E-03
-3.446000E+00,-20.101E-03
-3.444000E+00,-20.101E-03
-3.442000E+00,-16.080E-03
-3.440000E+00,-20.101E-03
-3.438000E+00,-16.080E-03
-3.436000E+00,-20.101E-03
-3.434000E+00,-20.101E-03
-3.432000E+00,-20.101E-03
-3.430000E+00,-20.101E-03
-3.428000E+00,-20.101E-03
-3.426000E+00,-20.101E-03
-3.424000E+00,-20.101E-03
-3.422000E+00,-20.101E-03
-3.420000E+00,-20.101E-03
-3.418000E+00,-20.101E-03
-3.416000E+00,-20.101E-03
-3.414000E+00,-20.101E-03
-3.412000E+00,-20.101E-03
-3.410000E+00,-20.101E-03
-3.408000E+00,-20.101E-03
-3.406000E+00,-20.101E-03
-3.404000E+00,-8.040E-03
-3.402000E+00,-20.101E-03
-3.400000E+00,-20.101E-03
-3.398000E+00,-4.020E-03
-3.396000E+00,-20.101E-03
-3.394000E+00,-20.101E-03
-3.392000E+00,-16.080E-03
-3.390000E+00,-20.101E-03
-3.388000E+00,-16.080E-03
-3.386000E+00,-20.101E-03
-3.384000E+00,-28.141E-03
-3.382000E+00,-20.101E-03
-3.380000E+00,-20.101E-03
-3.378000E+00,-20.101E-03
-3.376000E+00,-20.101E-03
-3.374000E+00,-20.101E-03
-3.372000E+00,-20.101E-03
-3.370000E+00,-20.101E-03
-3.368000E+00,-20.101E-03
-3.366000E+00,-20.101E-03
-3.364000E+00,+0.0E+00
-3.362000E+00,-20.101E-03
-3.360000E+00,-20.101E-03
-3.358000E+00,-20.101E-03
-3.356000E+00,-12.060E-03
-3.354000E+00,-20.101E-03
-3.352000E+00,-20.101E-03
-3.350000E+00,-0.0E+00
-3.348000E+00,-16.080E-03
-3.346000E+00,-8.040E-03
-3.344000E+00,-20.101E-03
-3.342000E+00,-20.101E-03
-3.340000E+00,-20.101E-03
-3.338000E+00,-20.101E-03
-3.336000E+00,-20.101E-03
-3.334000E+00,-20.101E-03
-3.332000E+00,-20.101E-03
-3.330000E+00,-20.101E-03
-3.328000E+00,-20.101E-03
-3.326000E+00,-8.040E-03
-3.324000E+00,-32.161E-03
-3.322000E+00,-20.101E-03
-3.320000E+00,-20.101E-03
-3.318000E+00,-4.020E-03
-3.316000E+00,-20.101E-03
-3.314000E+00,-20.101E-03
-3.312000E+00,-60.302E-03
-3.310000E+00,-0.0E+00
-3.308000E+00,-20.101E-03
-3.306000E+00,-20.101E-03
-3.304000E+00,-20.101E-03
-3.302000E+00,-20.101E-03
-3.300000E+00,-20.101E-03
-3.298000E+00,-20.101E-03
-3.296000E+00,-20.101E-03
-3.294000E+00,-20.101E-03
-3.292000E+00,-20.101E-03
-3.290000E+00,-20.101E-03
-3.288000E+00,-20.101E-03
-3.286000E+00,-20.101E-03
-3.284000E+00,-20.101E-03
-3.282000E+00,-16.080E-03
-3.280000E+00,-20.101E-03
-3.278000E+00,-4.020E-03
-3.276000E+00,-20.101E-03
-3.274000E+00,-20.101E-03
-3.272000E+00,-20.101E-03
-3.270000E+00,-20.101E-03
-3.268000E+00,-20.101E-03
-3.266000E+00,-20.101E-03
-3.264000E+00,-20.101E-03
-3.262000E+00,-20.101E-03
-3.260000E+00,-20.101E-03
-3.258000E+00,-28.141E-03
-3.256000E+00,-20.101E-03
-3.254000E+00,-20.101E-03
-3.252000E+00,-16.080E-03
-3.250000E+00,-40.201E-03
-3.248000E+00,-16.080E-03
-3.246000E+00,-20.101E-03
-3.244000E+00,-20.101E-03
-3.242000E+00,-20.101E-03
-3.240000E+00,-20.101E-03
-3.238000E+00,-20.101E-03
-3.236000E+00,-20.101E-03
-3.234000E+00,-20.101E-03
-3.232000E+00,-20.101E-03
-3.230000E+00,-20.101E-03
-3.228000E+00,-20.101E-03
-3.226000E+00,-20.101E-03
-3.224000E+00,-20.101E-03
-3.222000E+00,-20.101E-03
-3.220000E+00,-20.101E-03
-3.218000E+00,-20.101E-03
-3.216000E+00,-8.040E-03
-3.214000E+00,-20.101E-03
-3.212000E+00,-88.442E-03
-3.210000E+00,-20.101E-03
-3.208000E+00,-20.101E-03
-3.206000E+00,+0.0E+00
-3.204000E+00,-12.060E-03
-3.202000E+00,-20.101E-03
-3.200000E+00,-20.101E-03
-3.198000E+00,-20.101E-03
-3.196000E+00,-28.141E-03
-3.194000E+00,-20.101E-03
-3.192000E+00,-20.101E-03
-3.190000E+00,-20.101E-03
-3.188000E+00,-20.101E-03
-3.186000E+00,-20.101E-03
-3.184000E+00,-20.101E-03
-3.182000E+00,-20.101E-03
-3.180000E+00,-20.101E-03
-3.178000E+00,-20.101E-03
-3.176000E+00,-20.101E-03
-3.174000E+00,-12.060E-03
-3.172000E+00,-20.101E-03
-3.170000E+00,-20.101E-03
-3.168000E+00,-20.101E-03
-3.166000E+00,-20.101E-03
-3.164000E+00,-20.101E-03
-3.162000E+00,-20.101E-03
-3.160000E+00,-20.101E-03
-3.158000E+00,-20.101E-03
-3.156000E+00,-20.101E-03
-3.154000E+00,-20.101E-03
-3.152000E+00,-20.101E-03
-3.150000E+00,-0.0E+00
-3.148000E+00,+0.0E+00
-3.146000E+00,-20.101E-03
-3.144000E+00,-12.060E-03
-3.142000E+00,-20.101E-03
-3.140000E+00,-40.201E-03
-3.138000E+00,-36.181E-03
-3.136000E+00,-20.101E-03
-3.134000E+00,-20.101E-03
-3.132000E+00,-20.101E-03
-3.130000E+00,-20.101E-03
-3.128000E+00,-20.101E-03
-3.126000E+00,-20.101E-03
-3.124000E+00,-20.101E-03
-3.122000E+00,-4.020E-03
-3.120000E+00,-20.101E-03
-3.118000E+00,-20.101E-03
-3.116000E+00,-20.101E-03
-3.114000E+00,-20.101E-03
-3.112000E+00,+32.161E-03
-3.110000E+00,-40.201E-03
-3.108000E+00,-20.101E-03
-3.106000E+00,-12.060E-03
-3.104000E+00,-12.060E-03
-3.102000E+00,-24.121E-03
-3.100000E+00,-20.101E-03
-3.098000E+00,-20.101E-03
-3.096000E+00,-20.101E-03
-3.094000E+00,-20.101E-03
-3.092000E+00,-20.101E-03
-3.090000E+00,-20.101E-03
-3.088000E+00,-20.101E-03
-3.086000E+00,-20.101E-03
-3.084000E+00,-28.141E-03
-3.082000E+00,-20.101E-03
-3.080000E+00,-20.101E-03
-3.078000E+00,-4.020E-03
-3.076000E+00,-20.101E-03
-3.074000E+00,-20.101E-03
-3.072000E+00,-20.101E-03
-3.070000E+00,-20.101E-03
-3.068000E+00,-24.121E-03
-3.066000E+00,-20.101E-03
-3.064000E+00,-12.060E-03
-3.062000E+00,-16.080E-03
-3.060000E+00,-20.101E-03
-3.058000E+00,-20.101E-03
-3.056000E+00,-20.101E-03
-3.054000E+00,-20.101E-03
-3.052000E+00,-20.101E-03
-3.050000E+00,-20.101E-03
-3.048000E+00,-28.141E-03
-3.046000E+00,-20.101E-03
-3.044000E+00,-20.101E-03
-3.042000E+00,-20.101E-03
-3.040000E+00,-20.101E-03
-3.038000E+00,-20.101E-03
-3.036000E+00,-20.101E-03
-3.034000E+00,-20.101E-03
-3.032000E+00,-24.121E-03
-3.030000E+00,-20.101E-03
-3.028000E+00,-20.101E-03
-3.026000E+00,-8.040E-03
-3.024000E+00,-12.060E-03
-3.022000E+00,-4.020E-03
-3.020000E+00,-20.101E-03
-3.018000E+00,-20.101E-03
-3.016000E+00,-20.101E-03
-3.014000E+00,-20.101E-03
-3.012000E+00,-64.322E-03
-3.010000E+00,-80.402E-03
-3.008000E+00,-16.080E-03
-3.006000E+00,-20.101E-03
-3.004000E+00,-20.101E-03
-3.002000E+00,-20.101E-03
-3.000000E+00,-20.101E-03
-2.998000E+00,-16.080E-03
-2.996000E+00,-20.101E-03
-2.994000E+00,-20.101E-03
-2.992000E+00,-20.101E-03
-2.990000E+00,-0.0E+00
-2.988000E+00,-4.020E-03
-2.986000E+00,-20.101E-03
-2.984000E+00,-20.101E-03
-2.982000E+00,-68.342E-03
-2.980000E+00,-20.101E-03
-2.978000E+00,-4.020E-03
-2.976000E+00,-8.040E-03
-2.974000E+00,-20.101E-03
-2.972000E+00,-20.101E-03
-2.970000E+00,-40.201E-03
-2.968000E+00,-20.101E-03
-2.966000E+00,-20.101E-03
-2.964000E+00,-20.101E-03
-2.962000E+00,-16.080E-03
-2.960000E+00,-20.101E-03
-2.958000E+00,-4.020E-03
-2.956000E+00,-20.101E-03
-2.954000E+00,-20.101E-03
-2.952000E+00,-20.101E-03
-2.950000E+00,-20.101E-03
-2.948000E+00,-36.181E-03
-2.946000E+00,-12.060E-03
-2.944000E+00,-20.101E-03
-2.942000E+00,-20.101E-03
-2.940000E+00,-20.101E-03
-2.938000E+00,-20.101E-03
-2.936000E+00,-20.101E-03
-2.934000E+00,-20.101E-03
-2.932000E+00,-20.101E-03
-2.930000E+00,-20.101E-03
-2.928000E+00,-16.080E-03
-2.926000E+00,-20.101E-03
-2.924000E+00,-12.060E-03
-2.922000E+00,-20.101E-03
-2.920000E+00,-20.101E-03
-2.918000E+00,-20.101E-03
-2.916000E+00,-20.101E-03
-2.914000E+00,-20.101E-03
-2.912000E+00,-136.683E-03
-2.910000E+00,-20.101E-03
-2.908000E+00,-16.080E-03
-2.906000E+00,-8.040E-03
-2.904000E+00,-12.060E-03
-2.902000E+00,-20.101E-03
-2.900000E+00,-20.101E-03
-2.898000E+00,-4.020E-03
-2.896000E+00,-20.101E-03
-2.894000E+00,-20.101E-03
-2.892000E+00,-20.101E-03
-2.890000E+00,-20.101E-03
-2.888000E+00,-20.101E-03
-2.886000E+00,-20.101E-03
-2.884000E+00,-8.040E-03
-2.882000E+00,-20.101E-03
-2.880000E+00,-20.101E-03
-2.878000E+00,-20.101E-03
-2.876000E+00,-20.101E-03
-2.874000E+00,-20.101E-03
-2.872000E+00,-20.101E-03
-2.870000E+00,-20.101E-03
-2.868000E+00,-20.101E-03
-2.866000E+00,-8.040E-03
-2.864000E+00,-20.101E-03
-2.862000E+00,-4.020E-03
-2.860000E+00,-20.101E-03
-2.858000E+00,-20.101E-03
-2.856000E+00,-20.101E-03
-2.854000E+00,-20.101E-03
-2.852000E+00,-20.101E-03
-2.850000E+00,-20.101E-03
-2.848000E+00,-16.080E-03
-2.846000E+00,-20.101E-03
-2.844000E+00,-8.040E-03
-2.842000E+00,-36.181E-03
-2.840000E+00,-20.101E-03
-2.838000E+00,-20.101E-03
-2.836000E+00,-20.101E-03
-2.834000E+00,-20.101E-03
-2.832000E+00,-20.101E-03
-2.830000E+00,-20.101E-03
-2.828000E+00,-20.101E-03
-2.826000E+00,-20.101E-03
-2.824000E+00,-20.101E-03
-2.822000E+00,-20.101E-03
-2.820000E+00,-20.101E-03
-2.818000E+00,-20.101E-03
-2.816000E+00,-20.101E-03
-2.814000E+00,-20.101E-03
-2.812000E+00,-88.442E-03
-2.810000E+00,-20.101E-03
-2.808000E+00,-20.101E-03
-2.806000E+00,-20.101E-03
-2.804000E+00,-12.060E-03
-2.802000E+00,-24.121E-03
-2.800000E+00,-20.101E-03
-2.798000E+00,-20.101E-03
-2.796000E+00,-20.101E-03
-2.794000E+00,-20.101E-03
-2.792000E+00,-20.101E-03
-2.790000E+00,-20.101E-03
-2.788000E+00,-20.101E-03
-2.786000E+00,-20.101E-03
-2.784000E+00,-20.101E-03
-2.782000E+00,-20.101E-03
-2.780000E+00,-20.101E-03
-2.778000E+00,-20.101E-03
-2.776000E+00,-20.101E-03
-2.774000E+00,-20.101E-03
-2.772000E+00,-20.101E-03
-2.770000E+00,-20.101E-03
-2.768000E+00,-20.101E-03
-2.766000E+00,-8.040E-03
-2.764000E+00,-20.101E-03
-2.762000E+00,-20.101E-03
-2.760000E+00,-20.101E-03
-2.758000E+00,-20.101E-03
-2.756000E+00,-20.101E-03
-2.754000E+00,-20.101E-03
-2.752000E+00,-20.101E-03
-2.750000E+00,-0.0E+00
-2.748000E+00,+0.0E+00
-2.746000E+00,-8.040E-03
-2.744000E+00,-20.101E-03
-2.742000E+00,-20.101E-03
-2.740000E+00,-40.201E-03
-2.738000E+00,-36.181E-03
-2.736000E+00,-20.101E-03
-2.734000E+00,-20.101E-03
-2.732000E+00,-20.101E-03
-2.730000E+00,-20.101E-03
-2.728000E+00,-20.101E-03
-2.726000E+00,-20.101E-03
-2.724000E+00,-20.101E-03
-2.722000E+00,-20.101E-03
-2.720000E+00,-20.101E-03
-2.718000E+00,-20.101E-03
-2.716000E+00,-20.101E-03
-2.714000E+00,-20.101E-03
-2.712000E+00,+36.181E-03
-2.710000E+00,-20.101E-03
-2.708000E+00,-20.101E-03
-2.706000E+00,-20.101E-03
-2.704000E+00,-12.060E-03
-2.702000E+00,-20.101E-03
-2.700000E+00,-20.101E-03
-2.698000E+00,-20.101E-03
-2.696000E+00,-20.101E-03
-2.694000E+00,-20.101E-03
-2.692000E+00,-20.101E-03
-2.690000E+00,-20.101E-03
-2.688000E+00,-20.101E-03
-2.686000E+00,-20.101E-03
-2.684000E+00,-20.101E-03
-2.682000E+00,-20.101E-03
-2.680000E+00,-20.101E-03
-2.678000E+00,-24.121E-03
-2.676000E+00,-20.101E-03
-2.674000E+00,-20.101E-03
-2.672000E+00,-20.101E-03
-2.670000E+00,-20.101E-03
-2.668000E+00,-20.101E-03
-2.666000E+00,-8.040E-03
-2.664000E+00,-20.101E-03
-2.662000E+00,-20.101E-03
-2.660000E+00,-20.101E-03
-2.658000E+00,-20.101E-03
-2.656000E+00,-12.060E-03
-2.654000E+00,-20.101E-03
-2.652000E+00,-4.020E-03
-2.650000E+00,-20.101E-03
-2.648000E+00,-24.121E-03
-2.646000E+00,-12.060E-03
-2.644000E+00,-20.101E-03
-2.642000E+00,-20.101E-03
-2.640000E+00,-20.101E-03
-2.638000E+00,-36.181E-03
-2.636000E+00,-28.141E-03
-2.634000E+00,-20.101E-03
-2.632000E+00,-20.101E-03
-2.630000E+00,-20.101E-03
-2.628000E+00,-20.101E-03
-2.626000E+00,-20.101E-03
-2.624000E+00,-20.101E-03
-2.622000E+00,-20.101E-03
-2.620000E+00,-20.101E-03
-2.618000E+00,-20.101E-03
-2.616000E+00,-20.101E-03
-2.614000E+00,-12.060E-03
-2.612000E+00,-48.241E-03
-2.610000E+00,-20.101E-03
-2.608000E+00,-20.101E-03
-2.606000E+00,-20.101E-03
-2.604000E+00,-12.060E-03
-2.602000E+00,-20.101E-03
-2.600000E+00,-20.101E-03
-2.598000E+00,-20.101E-03
-2.596000E+00,-20.101E-03
-2.594000E+00,-20.101E-03
-2.592000E+00,-20.101E-03
-2.590000E+00,-20.101E-03
-2.588000E+00,-36.181E-03
-2.586000E+00,-20.101E-03
-2.584000E+00,-20.101E-03
-2.582000E+00,-20.101E-03
-2.580000E+00,-20.101E-03
-2.578000E+00,-20.101E-03
-2.576000E+00,-20.101E-03
-2.574000E+00,-20.101E-03
-2.572000E+00,-20.101E-03
-2.570000E+00,-20.101E-03
-2.568000E+00,-20.101E-03
-2.566000E+00,-8.040E-03
-2.564000E+00,-20.101E-03
-2.562000E+00,-20.101E-03
-2.560000E+00,-20.101E-03
-2.558000E+00,-20.101E-03
-2.556000E+00,-20.101E-03
-2.554000E+00,-8.040E-03
-2.552000E+00,-20.101E-03
-2.550000E+00,-20.101E-03
-2.548000E+00,-20.101E-03
-2.546000E+00,-20.101E-03
-2.544000E+00,-20.101E-03
-2.542000E+00,-20.101E-03
-2.540000E+00,-20.101E-03
-2.538000E+00,-20.101E-03
-2.536000E+00,-20.101E-03
-2.534000E+00,-20.101E-03
-2.532000E+00,-20.101E-03
-2.530000E+00,-20.101E-03
-2.528000E+00,-20.101E-03
-2.526000E+00,-36.181E-03
-2.524000E+00,-20.101E-03
-2.522000E+00,-20.101E-03
-2.520000E+00,-20.101E-03
-2.518000E+00,-20.101E-03
-2.516000E+00,-20.101E-03
-2.514000E+00,-8.040E-03
-2.512000E+00,-124.623E-03
-2.510000E+00,-20.101E-03
-2.508000E+00,-20.101E-03
-2.506000E+00,-20.101E-03
-2.504000E+00,-20.101E-03
-2.502000E+00,-20.101E-03
-2.500000E+00,+20.101E-03
-2.498000E+00,-20.101E-03
-2.496000E+00,-20.101E-03
-2.494000E+00,-20.101E-03
-2.492000E+00,-20.101E-03
-2.490000E+00,-20.101E-03
-2.488000E+00,-20.101E-03
-2.486000E+00,-20.101E-03
-2.484000E+00,-20.101E-03
-2.482000E+00,-20.101E-03
-2.480000E+00,-20.101E-03
-2.478000E+00,-20.101E-03
-2.476000E+00,-20.101E-03
-2.474000E+00,-20.101E-03
-2.472000E+00,-20.101E-03
-2.470000E+00,-20.101E-03
-2.468000E+00,-20.101E-03
-2.466000E+00,-20.101E-03
-2.464000E+00,-20.101E-03
-2.462000E+00,-20.101E-03
-2.460000E+00,-40.201E-03
-2.458000E+00,-20.101E-03
-2.456000E+00,-20.101E-03
-2.454000E+00,-20.101E-03
-2.452000E+00,-20.101E-03
-2.450000E+00,-20.101E-03
-2.448000E+00,-40.201E-03
-2.446000E+00,-20.101E-03
-2.444000E+00,-20.101E-03
-2.442000E+00,-20.101E-03
-2.440000E+00,-20.101E-03
-2.438000E+00,-20.101E-03
-2.436000E+00,-20.101E-03
-2.434000E+00,-20.101E-03
-2.432000E+00,-20.101E-03
-2.430000E+00,-20.101E-03
-2.428000E+00,-20.101E-03
-2.426000E+00,-20.101E-03
-2.424000E+00,-20.101E-03
-2.422000E+00,-20.101E-03
-2.420000E+00,-20.101E-03
-2.418000E+00,-20.101E-03
-2.416000E+00,-20.101E-03
-2.414000E+00,-20.101E-03
-2.412000E+00,-76.382E-03
-2.410000E+00,-20.101E-03
-2.408000E+00,-20.101E-03
-2.406000E+00,-20.101E-03
-2.404000E+00,-20.101E-03
-2.402000E+00,-20.101E-03
-2.400000E+00,-20.101E-03
-2.398000E+00,-20.101E-03
-2.396000E+00,-20.101E-03
-2.394000E+00,-20.101E-03
-2.392000E+00,-20.101E-03
-2.390000E+00,-20.101E-03
-2.388000E+00,-20.101E-03
-2.386000E+00,-20.101E-03
-2.384000E+00,-28.141E-03
-2.382000E+00,-20.101E-03
-2.380000E+00,-20.101E-03
-2.378000E+00,-20.101E-03
-2.376000E+00,-20.101E-03
-2.374000E+00,-32.161E-03
-2.372000E+00,-20.101E-03
-2.370000E+00,-40.201E-03
-2.368000E+00,-20.101E-03
-2.366000E+00,-20.101E-03
-2.364000E+00,-20.101E-03
-2.362000E+00,-20.101E-03
-2.360000E+00,-20.101E-03
-2.358000E+00,-20.101E-03
-2.356000E+00,-32.161E-03
-2.354000E+00,-20.101E-03
-2.352000E+00,-20.101E-03
-2.350000E+00,-20.101E-03
-2.348000E+00,-36.181E-03
-2.346000E+00,+12.060E-03
-2.344000E+00,-20.101E-03
-2.342000E+00,-20.101E-03
-2.340000E+00,-20.101E-03
-2.338000E+00,-4.020E-03
-2.336000E+00,-20.101E-03
-2.334000E+00,-20.101E-03
-2.332000E+00,-20.101E-03
-2.330000E+00,-20.101E-03
-2.328000E+00,-20.101E-03
-2.326000E+00,-8.040E-03
-2.324000E+00,-20.101E-03
-2.322000E+00,-20.101E-03
-2.320000E+00,-20.101E-03
-2.318000E+00,-20.101E-03
-2.316000E+00,-20.101E-03
-2.314000E+00,-20.101E-03
-2.312000E+00,-237.186E-03
-2.310000E+00,-20.101E-03
-2.308000E+00,-16.080E-03
-2.306000E+00,-20.101E-03
-2.304000E+00,+0.0E+00
-2.302000E+00,-20.101E-03
-2.300000E+00,-20.101E-03
-2.298000E+00,-20.101E-03
-2.296000E+00,-8.040E-03
-2.294000E+00,-20.101E-03
-2.292000E+00,-24.121E-03
-2.290000E+00,-20.101E-03
-2.288000E+00,-20.101E-03
-2.286000E+00,-20.101E-03
-2.284000E+00,-8.040E-03
-2.282000E+00,-20.101E-03
-2.280000E+00,-20.101E-03
-2.278000E+00,-24.121E-03
-2.276000E+00,-20.101E-03
-2.274000E+00,-20.101E-03
-2.272000E+00,-20.101E-03
-2.270000E+00,-20.101E-03
-2.268000E+00,-4.020E-03
-2.266000E+00,-20.101E-03
-2.264000E+00,-12.060E-03
-2.262000E+00,-20.101E-03
-2.260000E+00,-20.101E-03
-2.258000E+00,-20.101E-03
-2.256000E+00,-20.101E-03
-2.254000E+00,-20.101E-03
-2.252000E+00,-20.101E-03
-2.250000E+00,-20.101E-03
-2.248000E+00,-4.020E-03
-2.246000E+00,-20.101E-03
-2.244000E+00,-20.101E-03
-2.242000E+00,-36.181E-03
-2.240000E+00,-20.101E-03
-2.238000E+00,-20.101E-03
-2.236000E+00,-20.101E-03
-2.234000E+00,-20.101E-03
-2.232000E+00,-24.121E-03
-2.230000E+00,-20.101E-03
-2.228000E+00,-20.101E-03
-2.226000E+00,-20.101E-03
-2.224000E+00,-20.101E-03
-2.222000E+00,-20.101E-03
-2.220000E+00,-20.101E-03
-2.218000E+00,-20.101E-03
-2.216000E+00,-20.101E-03
-2.214000E+00,-20.101E-03
-2.212000E+00,+32.161E-03
-2.210000E+00,-120.603E-03
-2.208000E+00,-20.101E-03
-2.206000E+00,-20.101E-03
-2.204000E+00,-20.101E-03
-2.202000E+00,-4.020E-03
-2.200000E+00,-20.101E-03
-2.198000E+00,-20.101E-03
-2.196000E+00,-20.101E-03
-2.194000E+00,-20.101E-03
-2.192000E+00,-20.101E-03
-2.190000E+00,+0.0E+00
-2.188000E+00,-20.101E-03
-2.186000E+00,-12.060E-03
-2.184000E+00,-20.101E-03
-2.182000E+00,-20.101E-03
-2.180000E+00,-40.201E-03
-2.178000E+00,-20.101E-03
-2.176000E+00,-20.101E-03
-2.174000E+00,-20.101E-03
-2.172000E+00,-4.020E-03
-2.170000E+00,-20.101E-03
-2.168000E+00,-20.101E-03
-2.166000E+00,-20.101E-03
-2.164000E+00,-20.101E-03
-2.162000E+00,-20.101E-03
-2.160000E+00,-20.101E-03
-2.158000E+00,-20.101E-03
-2.156000E+00,-20.101E-03
-2.154000E+00,-20.101E-03
-2.152000E+00,+12.060E-03
-2.150000E+00,-0.0E+00
-2.148000E+00,-36.181E-03
-2.146000E+00,-20.101E-03
-2.144000E+00,-12.060E-03
-2.142000E+00,-20.101E-03
-2.140000E+00,-20.101E-03
-2.138000E+00,-20.101E-03
-2.136000E+00,-20.101E-03
-2.134000E+00,-20.101E-03
-2.132000E+00,-20.101E-03
-2.130000E+00,-20.101E-03
-2.128000E+00,-20.101E-03
-2.126000E+00,-20.101E-03
-2.124000E+00,-20.101E-03
-2.122000E+00,-20.101E-03
-2.120000E+00,-20.101E-03
-2.118000E+00,-20.101E-03
-2.116000E+00,-20.101E-03
-2.114000E+00,-28.141E-03
-2.112000E+00,+136.683E-03
-2.110000E+00,-0.0E+00
-2.108000E+00,-20.101E-03
-2.106000E+00,-20.101E-03
-2.104000E+00,-20.101E-03
-2.102000E+00,-20.101E-03
-2.100000E+00,-20.101E-03
-2.098000E+00,-20.101E-03
-2.096000E+00,-28.141E-03
-2.094000E+00,-20.101E-03
-2.092000E+00,-36.181E-03
-2.090000E+00,-20.101E-03
-2.088000E+00,-20.101E-03
-2.086000E+00,-20.101E-03
-2.084000E+00,-8.040E-03
-2.082000E+00,-16.080E-03
-2.080000E+00,-20.101E-03
-2.078000E+00,-20.101E-03
-2.076000E+00,-32.161E-03
-2.074000E+00,-20.101E-03
-2.072000E+00,-20.101E-03
-2.070000E+00,-20.101E-03
-2.068000E+00,-16.080E-03
-2.066000E+00,-20.101E-03
-2.064000E+00,-20.101E-03
-2.062000E+00,-16.080E-03
-2.060000E+00,-20.101E-03
-2.058000E+00,-20.101E-03
-2.056000E+00,-20.101E-03
-2.054000E+00,-20.101E-03
-2.052000E+00,-16.080E-03
-2.050000E+00,-20.101E-03
-2.048000E+00,+0.0E+00
-2.046000E+00,-20.101E-03
-2.044000E+00,-20.101E-03
-2.042000E+00,-20.101E-03
-2.040000E+00,-20.101E-03
-2.038000E+00,-20.101E-03
-2.036000E+00,-20.101E-03
-2.034000E+00,-20.101E-03
-2.032000E+00,-20.101E-03
-2.030000E+00,-40.201E-03
-2.028000E+00,-20.101E-03
-2.026000E+00,-20.101E-03
-2.024000E+00,-20.101E-03
-2.022000E+00,-20.101E-03
-2.020000E+00,-20.101E-03
-2.018000E+00,-20.101E-03
-2.016000E+00,-20.101E-03
-2.014000E+00,-12.060E-03
-2.012000E+00,-44.221E-03
-2.010000E+00,+0.0E+00
-2.008000E+00,-20.101E-03
-2.006000E+00,-20.101E-03
-2.004000E+00,-20.101E-03
-2.002000E+00,-20.101E-03
-2.000000E+00,-20.101E-03
-1.998000E+00,-20.101E-03
-1.996000E+00,-8.040E-03
-1.994000E+00,-20.101E-03
-1.992000E+00,-20.101E-03
-1.990000E+00,-20.101E-03
-1.988000E+00,-20.101E-03
-1.986000E+00,-8.040E-03
-1.984000E+00,-20.101E-03
-1.982000E+00,-16.080E-03
-1.980000E+00,-20.101E-03
-1.978000E+00,-4.020E-03
-1.976000E+00,-20.101E-03
-1.974000E+00,-20.101E-03
-1.972000E+00,-36.181E-03
-1.970000E+00,-20.101E-03
-1.968000E+00,-20.101E-03
-1.966000E+00,-20.101E-03
-1.964000E+00,-20.101E-03
-1.962000E+00,-20.101E-03
-1.960000E+00,-20.101E-03
-1.958000E+00,-24.121E-03
-1.956000E+00,-20.101E-03
-1.954000E+00,-20.101E-03
-1.952000E+00,-32.161E-03
-1.950000E+00,-20.101E-03
-1.948000E+00,+0.0E+00
-1.946000E+00,-20.101E-03
-1.944000E+00,-20.101E-03
-1.942000E+00,-20.101E-03
-1.940000E+00,-0.0E+00
-1.938000E+00,-20.101E-03
-1.936000E+00,-20.101E-03
-1.934000E+00,-20.101E-03
-1.932000E+00,-20.101E-03
-1.930000E+00,-20.101E-03
-1.928000E+00,-20.101E-03
-1.926000E+00,-8.040E-03
-1.924000E+00,-20.101E-03
-1.922000E+00,-20.101E-03
-1.920000E+00,-20.101E-03
-1.918000E+00,-20.101E-03
-1.916000E+00,-8.040E-03
-1.914000E+00,-20.101E-03
-1.912000E+00,-32.161E-03
-1.910000E+00,-20.101E-03
-1.908000E+00,-20.101E-03
-1.906000E+00,-20.101E-03
-1.904000E+00,-20.101E-03
-1.902000E+00,-20.101E-03
-1.900000E+00,-20.101E-03
-1.898000E+00,-20.101E-03
-1.896000E+00,-20.101E-03
-1.894000E+00,-20.101E-03
-1.892000E+00,-4.020E-03
-1.890000E+00,-20.101E-03
-1.888000E+00,-20.101E-03
-1.886000E+00,-20.101E-03
-1.884000E+00,-20.101E-03
-1.882000E+00,-16.080E-03
-1.880000E+00,-20.101E-03
-1.878000E+00,-20.101E-03
-1.876000E+00,-20.101E-03
-1.874000E+00,-8.040E-03
-1.872000E+00,-20.101E-03
-1.870000E+00,-20.101E-03
-1.868000E+00,-20.101E-03
-1.866000E+00,-20.101E-03
-1.864000E+00,-20.101E-03
-1.862000E+00,-20.101E-03
-1.860000E+00,-20.101E-03
-1.858000E+00,-20.101E-03
-1.856000E+00,-20.101E-03
-1.854000E+00,-20.101E-03
-1.852000E+00,-20.101E-03
-1.850000E+00,-0.0E+00
-1.848000E+00,-20.101E-03
-1.846000E+00,-20.101E-03
-1.844000E+00,-20.101E-03
-1.842000E+00,-20.101E-03
-1.840000E+00,-20.101E-03
-1.838000E+00,-20.101E-03
-1.836000E+00,-12.060E-03
-1.834000E+00,-20.101E-03
-1.832000E+00,-4.020E-03
-1.830000E+00,-20.101E-03
-1.828000E+00,-20.101E-03
-1.826000E+00,-12.060E-03
-1.824000E+00,-20.101E-03
-1.822000E+00,-20.101E-03
-1.820000E+00,-20.101E-03
-1.818000E+00,-20.101E-03
-1.816000E+00,-20.101E-03
-1.814000E+00,-20.101E-03
-1.812000E+00,-92.462E-03
-1.810000E+00,-20.101E-03
-1.808000E+00,-20.101E-03
-1.806000E+00,-20.101E-03
-1.804000E+00,-20.101E-03
-1.802000E+00,-20.101E-03
-1.800000E+00,-20.101E-03
-1.798000E+00,-20.101E-03
-1.796000E+00,-20.101E-03
-1.794000E+00,-20.101E-03
-1.792000E+00,-20.101E-03
-1.790000E+00,-20.101E-03
-1.788000E+00,-36.181E-03
-1.786000E+00,-20.101E-03
-1.784000E+00,-20.101E-03
-1.782000E+00,-20.101E-03
-1.780000E+00,-20.101E-03
-1.778000E+00,-20.101E-03
-1.776000E+00,-20.101E-03
-1.774000E+00,-20.101E-03
-1.772000E+00,-4.020E-03
-1.770000E+00,+0.0E+00
-1.768000E+00,-20.101E-03
-1.766000E+00,-20.101E-03
-1.764000E+00,-20.101E-03
-1.762000E+00,-16.080E-03
-1.760000E+00,-20.101E-03
-1.758000E+00,-20.101E-03
-1.756000E+00,-20.101E-03
-1.754000E+00,-20.101E-03
-1.752000E+00,-20.101E-03
-1.750000E+00,-20.101E-03
-1.748000E+00,-20.101E-03
-1.746000E+00,-12.060E-03
-1.744000E+00,-20.101E-03
-1.742000E+00,-20.101E-03
-1.740000E+00,-20.101E-03
-1.738000E+00,-20.101E-03
-1.736000E+00,-20.101E-03
-1.734000E+00,-20.101E-03
-1.732000E+00,-20.101E-03
-1.730000E+00,-20.101E-03
-1.728000E+00,-20.101E-03
-1.726000E+00,-20.101E-03
-1.724000E+00,-20.101E-03
-1.722000E+00,-20.101E-03
-1.720000E+00,-0.0E+00
-1.718000E+00,-20.101E-03
-1.716000E+00,-12.060E-03
-1.714000E+00,-20.101E-03
-1.712000E+00,+84.422E-03
-1.710000E+00,-20.101E-03
-1.708000E+00,-20.101E-03
-1.706000E+00,-20.101E-03
-1.704000E+00,-8.040E-03
-1.702000E+00,-20.101E-03
-1.700000E+00,-20.101E-03
-1.698000E+00,-20.101E-03
-1.696000E+00,-20.101E-03
-1.694000E+00,-12.060E-03
-1.692000E+00,-20.101E-03
-1.690000E+00,-20.101E-03
-1.688000E+00,-20.101E-03
-1.686000E+00,-20.101E-03
-1.684000E+00,-8.040E-03
-1.682000E+00,-20.101E-03
-1.680000E+00,-20.101E-03
-1.678000E+00,-20.101E-03
-1.676000E+00,-20.101E-03
-1.674000E+00,-20.101E-03
-1.672000E+00,-20.101E-03
-1.670000E+00,-20.101E-03
-1.668000E+00,-20.101E-03
-1.666000E+00,-20.101E-03
-1.664000E+00,-20.101E-03
-1.662000E+00,-20.101E-03
-1.660000E+00,-20.101E-03
-1.658000E+00,-20.101E-03
-1.656000E+00,-20.101E-03
-1.654000E+00,-28.141E-03
-1.652000E+00,-20.101E-03
-1.650000E+00,-20.101E-03
-1.648000E+00,-8.040E-03
-1.646000E+00,-12.060E-03
-1.644000E+00,-8.040E-03
-1.642000E+00,-20.101E-03
-1.640000E+00,+0.0E+00
-1.638000E+00,-20.101E-03
-1.636000E+00,-12.060E-03
-1.634000E+00,-20.101E-03
-1.632000E+00,-20.101E-03
-1.630000E+00,-20.101E-03
-1.628000E+00,-20.101E-03
-1.626000E+00,-12.060E-03
-1.624000E+00,-12.060E-03
-1.622000E+00,-20.101E-03
-1.620000E+00,-20.101E-03
-1.618000E+00,-20.101E-03
-1.616000E+00,-20.101E-03
-1.614000E+00,-20.101E-03
-1.612000E+00,-68.342E-03
-1.610000E+00,+120.603E-03
-1.608000E+00,-20.101E-03
-1.606000E+00,-20.101E-03
-1.604000E+00,-20.101E-03
-1.602000E+00,-20.101E-03
-1.600000E+00,-20.101E-03
-1.598000E+00,-20.101E-03
-1.596000E+00,-20.101E-03
-1.594000E+00,-20.101E-03
-1.592000E+00,-20.101E-03
-1.590000E+00,-20.101E-03
-1.588000E+00,-20.101E-03
-1.586000E+00,-20.101E-03
-1.584000E+00,-20.101E-03
-1.582000E+00,-20.101E-03
-1.580000E+00,-20.101E-03
-1.578000E+00,-20.101E-03
-1.576000E+00,-20.101E-03
-1.574000E+00,-20.101E-03
-1.572000E+00,-20.101E-03
-1.570000E+00,-20.101E-03
-1.568000E+00,-20.101E-03
-1.566000E+00,-32.161E-03
-1.564000E+00,-20.101E-03
-1.562000E+00,-20.101E-03
-1.560000E+00,-20.101E-03
-1.558000E+00,-20.101E-03
-1.556000E+00,-20.101E-03
-1.554000E+00,-20.101E-03
-1.552000E+00,-20.101E-03
-1.550000E+00,-20.101E-03
-1.548000E+00,+0.0E+00
-1.546000E+00,-20.101E-03
-1.544000E+00,-20.101E-03
-1.542000E+00,-20.101E-03
-1.540000E+00,-20.101E-03
-1.538000E+00,-16.080E-03
-1.536000E+00,-20.101E-03
-1.534000E+00,-8.040E-03
-1.532000E+00,-20.101E-03
-1.530000E+00,-20.101E-03
-1.528000E+00,-20.101E-03
-1.526000E+00,-20.101E-03
-1.524000E+00,-20.101E-03
-1.522000E+00,-20.101E-03
-1.520000E+00,-20.101E-03
-1.518000E+00,-20.101E-03
-1.516000E+00,-20.101E-03
-1.514000E+00,-28.141E-03
-1.512000E+00,-221.106E-03
-1.510000E+00,-20.101E-03
-1.508000E+00,-20.101E-03
-1.506000E+00,-20.101E-03
-1.504000E+00,+0.0E+00
-1.502000E+00,-20.101E-03
-1.500000E+00,-20.101E-03
-1.498000E+00,-20.101E-03
-1.496000E+00,-20.101E-03
-1.494000E+00,-12.060E-03
-1.492000E+00,-20.101E-03
-1.490000E+00,-20.101E-03
-1.488000E+00,-20.101E-03
-1.486000E+00,-12.060E-03
-1.484000E+00,-20.101E-03
-1.482000E+00,-20.101E-03
-1.480000E+00,-20.101E-03
-1.478000E+00,-20.101E-03
-1.476000E+00,-20.101E-03
-1.474000E+00,-20.101E-03
-1.472000E+00,-20.101E-03
-1.470000E+00,-20.101E-03
-1.468000E+00,-16.080E-03
-1.466000E+00,-8.040E-03
-1.464000E+00,-20.101E-03
-1.462000E+00,-20.101E-03
-1.460000E+00,-20.101E-03
-1.458000E+00,-20.101E-03
-1.456000E+00,-20.101E-03
-1.454000E+00,-20.101E-03
-1.452000E+00,-20.101E-03
-1.450000E+00,-20.101E-03
-1.448000E+00,-24.121E-03
-1.446000E+00,+0.0E+00
-1.444000E+00,-20.101E-03
-1.442000E+00,-20.101E-03
-1.440000E+00,-20.101E-03
-1.438000E+00,-4.020E-03
-1.436000E+00,-20.101E-03
-1.434000E+00,-12.060E-03
-1.432000E+00,-20.101E-03
-1.430000E+00,-20.101E-03
-1.428000E+00,-20.101E-03
-1.426000E+00,-20.101E-03
-1.424000E+00,-20.101E-03
-1.422000E+00,-20.101E-03
-1.420000E+00,-20.101E-03
-1.418000E+00,-20.101E-03
-1.416000E+00,-28.141E-03
-1.414000E+00,-20.101E-03
-1.412000E+00,-8.040E-03
-1.410000E+00,-60.302E-03
-1.408000E+00,-20.101E-03
-1.406000E+00,-20.101E-03
-1.404000E+00,-12.060E-03
-1.402000E+00,-20.101E-03
-1.400000E+00,-20.101E-03
-1.398000E+00,-20.101E-03
-1.396000E+00,-20.101E-03
-1.394000E+00,-20.101E-03
-1.392000E+00,-20.101E-03
-1.390000E+00,-20.101E-03
-1.388000E+00,-20.101E-03
-1.386000E+00,-20.101E-03
-1.384000E+00,-12.060E-03
-1.382000E+00,-20.101E-03
-1.380000E+00,-20.101E-03
-1.378000E+00,-20.101E-03
-1.376000E+00,-20.101E-03
-1.374000E+00,-20.101E-03
-1.372000E+00,-20.101E-03
-1.370000E+00,-20.101E-03
-1.368000E+00,-20.101E-03
-1.366000E+00,-20.101E-03
-1.364000E+00,-20.101E-03
-1.362000E+00,-20.101E-03
-1.360000E+00,-20.101E-03
-1.358000E+00,-20.101E-03
-1.356000E+00,-20.101E-03
-1.354000E+00,-20.101E-03
-1.352000E+00,-20.101E-03
-1.350000E+00,-0.0E+00
-1.348000E+00,-20.101E-03
-1.346000E+00,+16.080E-03
-1.344000E+00,-20.101E-03
-1.342000E+00,-20.101E-03
-1.340000E+00,-20.101E-03
-1.338000E+00,-20.101E-03
-1.336000E+00,-20.101E-03
-1.334000E+00,-32.161E-03
-1.332000E+00,-20.101E-03
-1.330000E+00,-20.101E-03
-1.328000E+00,-20.101E-03
-1.326000E+00,-20.101E-03
-1.324000E+00,-12.060E-03
-1.322000E+00,-20.101E-03
-1.320000E+00,-20.101E-03
-1.318000E+00,-20.101E-03
-1.316000E+00,-28.141E-03
-1.314000E+00,-20.101E-03
-1.312000E+00,-56.281E-03
-1.310000E+00,+0.0E+00
-1.308000E+00,-20.101E-03
-1.306000E+00,+0.0E+00
-1.304000E+00,-20.101E-03
-1.302000E+00,-24.121E-03
-1.300000E+00,-20.101E-03
-1.298000E+00,-20.101E-03
-1.296000E+00,-20.101E-03
-1.294000E+00,-20.101E-03
-1.292000E+00,-20.101E-03
-1.290000E+00,-20.101E-03
-1.288000E+00,-20.101E-03
-1.286000E+00,-32.161E-03
-1.284000E+00,-12.060E-03
-1.282000E+00,-20.101E-03
-1.280000E+00,-20.101E-03
-1.278000E+00,-4.020E-03
-1.276000E+00,-20.101E-03
-1.274000E+00,-20.101E-03
-1.272000E+00,-20.101E-03
-1.270000E+00,-20.101E-03
-1.268000E+00,-16.080E-03
-1.266000E+00,-20.101E-03
-1.264000E+00,-20.101E-03
-1.262000E+00,-28.141E-03
-1.260000E+00,-20.101E-03
-1.258000E+00,-20.101E-03
-1.256000E+00,-20.101E-03
-1.254000E+00,-20.101E-03
-1.252000E+00,-20.101E-03
-1.250000E+00,-20.101E-03
-1.248000E+00,-8.040E-03
-1.246000E+00,-8.040E-03
-1.244000E+00,-32.161E-03
-1.242000E+00,-20.101E-03
-1.240000E+00,-20.101E-03
-1.238000E+00,-20.101E-03
-1.236000E+00,-8.040E-03
-1.234000E+00,-20.101E-03
-1.232000E+00,-4.020E-03
-1.230000E+00,-20.101E-03
-1.228000E+00,-16.080E-03
-1.226000E+00,-20.101E-03
-1.224000E+00,-20.101E-03
-1.222000E+00,-20.101E-03
-1.220000E+00,-20.101E-03
-1.218000E+00,-20.101E-03
-1.216000E+00,-20.101E-03
-1.214000E+00,-20.101E-03
-1.212000E+00,-180.905E-03
-1.210000E+00,-20.101E-03
-1.208000E+00,-20.101E-03
-1.206000E+00,-20.101E-03
-1.204000E+00,+0.0E+00
-1.202000E+00,-20.101E-03
-1.200000E+00,-20.101E-03
-1.198000E+00,-20.101E-03
-1.196000E+00,-20.101E-03
-1.194000E+00,-20.101E-03
-1.192000E+00,-20.101E-03
-1.190000E+00,-20.101E-03
-1.188000E+00,-20.101E-03
-1.186000E+00,-12.060E-03
-1.184000E+00,-20.101E-03
-1.182000E+00,-20.101E-03
-1.180000E+00,-20.101E-03
-1.178000E+00,-20.101E-03
-1.176000E+00,-20.101E-03
-1.174000E+00,-20.101E-03
-1.172000E+00,-20.101E-03
-1.170000E+00,-20.101E-03
-1.168000E+00,-20.101E-03
-1.166000E+00,-20.101E-03
-1.164000E+00,-20.101E-03
-1.162000E+00,-20.101E-03
-1.160000E+00,-20.101E-03
-1.158000E+00,-20.101E-03
-1.156000E+00,-20.101E-03
-1.154000E+00,-20.101E-03
-1.152000E+00,-20.101E-03
-1.150000E+00,-20.101E-03
-1.148000E+00,-4.020E-03
-1.146000E+00,-20.101E-03
-1.144000E+00,-20.101E-03
-1.142000E+00,-20.101E-03
-1.140000E+00,-20.101E-03
-1.138000E+00,-20.101E-03
-1.136000E+00,-20.101E-03
-1.134000E+00,-20.101E-03
-1.132000E+00,-20.101E-03
-1.130000E+00,-20.101E-03
-1.128000E+00,-36.181E-03
-1.126000E+00,-20.101E-03
-1.124000E+00,-20.101E-03
-1.122000E+00,-20.101E-03
-1.120000E+00,-20.101E-03
-1.118000E+00,-4.020E-03
-1.116000E+00,-20.101E-03
-1.114000E+00,-12.060E-03
-1.112000E+00,+257.286E-03
-1.110000E+00,-422.111E-03
-1.108000E+00,-20.101E-03
-1.106000E+00,-20.101E-03
-1.104000E+00,-12.060E-03
-1.102000E+00,-20.101E-03
-1.100000E+00,-20.101E-03
-1.098000E+00,-4.020E-03
-1.096000E+00,-8.040E-03
-1.094000E+00,-20.101E-03
-1.092000E+00,-20.101E-03
-1.090000E+00,-0.0E+00
-1.088000E+00,-16.080E-03
-1.086000E+00,-12.060E-03
-1.084000E+00,-28.141E-03
-1.082000E+00,-16.080E-03
-1.080000E+00,-20.101E-03
-1.078000E+00,-20.101E-03
-1.076000E+00,-20.101E-03
-1.074000E+00,-20.101E-03
-1.072000E+00,-20.101E-03
-1.070000E+00,-20.101E-03
-1.068000E+00,-20.101E-03
-1.066000E+00,-8.040E-03
-1.064000E+00,-20.101E-03
-1.062000E+00,-20.101E-03
-1.060000E+00,-20.101E-03
-1.058000E+00,-20.101E-03
-1.056000E+00,-20.101E-03
-1.054000E+00,-20.101E-03
-1.052000E+00,-20.101E-03
-1.050000E+00,-40.201E-03
-1.048000E+00,-40.201E-03
-1.046000E+00,-12.060E-03
-1.044000E+00,-20.101E-03
-1.042000E+00,-20.101E-03
-1.040000E+00,-20.101E-03
-1.038000E+00,-20.101E-03
-1.036000E+00,-32.161E-03
-1.034000E+00,-20.101E-03
-1.032000E+00,-20.101E-03
-1.030000E+00,-20.101E-03
-1.028000E+00,-20.101E-03
-1.026000E+00,-20.101E-03
-1.024000E+00,-20.101E-03
-1.022000E+00,-20.101E-03
-1.020000E+00,-20.101E-03
-1.018000E+00,-20.101E-03
-1.016000E+00,-20.101E-03
-1.014000E+00,-20.101E-03
-1.012000E+00,+201.005E-03
-1.010000E+00,-20.101E-03
-1.008000E+00,-20.101E-03
-1.006000E+00,-20.101E-03
-1.004000E+00,-12.060E-03
-1.002000E+00,-4.020E-03
-1.000000E+00,-20.101E-03
-998.000E-03,-20.101E-03
-996.000E-03,-20.101E-03
-994.000E-03,-20.101E-03
-992.000E-03,-20.101E-03
-990.000E-03,-20.101E-03
-988.000E-03,-20.101E-03
-986.000E-03,-20.101E-03
-984.000E-03,-20.101E-03
-982.000E-03,-20.101E-03
-980.000E-03,-20.101E-03
-978.000E-03,-20.101E-03
-976.000E-03,-12.060E-03
-974.000E-03,-20.101E-03
-972.000E-03,-20.101E-03
-970.000E-03,-20.101E-03
-968.000E-03,-20.101E-03
-966.000E-03,+0.0E+00
-964.000E-03,-20.101E-03
-962.000E-03,-20.101E-03
-960.000E-03,-20.101E-03
-958.000E-03,-20.101E-03
-956.000E-03,-32.161E-03
-954.000E-03,-28.141E-03
-952.000E-03,-20.101E-03
-950.000E-03,-20.101E-03
-948.000E-03,-16.080E-03
-946.000E-03,+4.020E-03
-944.000E-03,-20.101E-03
-942.000E-03,-20.101E-03
-940.000E-03,-20.101E-03
-938.000E-03,-4.020E-03
-936.000E-03,-8.040E-03
-934.000E-03,-20.101E-03
-932.000E-03,-20.101E-03
-930.000E-03,-20.101E-03
-928.000E-03,-16.080E-03
-926.000E-03,-20.101E-03
-924.000E-03,-28.141E-03
-922.000E-03,-20.101E-03
-920.000E-03,-20.101E-03
-918.000E-03,-20.101E-03
-916.000E-03,-20.101E-03
-914.000E-03,-12.060E-03
-912.000E-03,-92.462E-03
-910.000E-03,-60.302E-03
-908.000E-03,-20.101E-03
-906.000E-03,-8.040E-03
-904.000E-03,-20.101E-03
-902.000E-03,-20.101E-03
-900.000E-03,-20.101E-03
-898.000E-03,-20.101E-03
-896.000E-03,-8.040E-03
-894.000E-03,-20.101E-03
-892.000E-03,-20.101E-03
-890.000E-03,-20.101E-03
-888.000E-03,-20.101E-03
-886.000E-03,-20.101E-03
-884.000E-03,-20.101E-03
-882.000E-03,-20.101E-03
-880.000E-03,-20.101E-03
-878.000E-03,-20.101E-03
-876.000E-03,-20.101E-03
-874.000E-03,-20.101E-03
-872.000E-03,-20.101E-03
-870.000E-03,-0.0E+00
-868.000E-03,-16.080E-03
-866.000E-03,-12.060E-03
-864.000E-03,-20.101E-03
-862.000E-03,-20.101E-03
-860.000E-03,-20.101E-03
-858.000E-03,-20.101E-03
-856.000E-03,-20.101E-03
-854.000E-03,-20.101E-03
-852.000E-03,-20.101E-03
-850.000E-03,-20.101E-03
-848.000E-03,-8.040E-03
-846.000E-03,-20.101E-03
-844.000E-03,-20.101E-03
-842.000E-03,-20.101E-03
-840.000E-03,-0.0E+00
-838.000E-03,-20.101E-03
-836.000E-03,-20.101E-03
-834.000E-03,-8.040E-03
-832.000E-03,-20.101E-03
-830.000E-03,-20.101E-03
-828.000E-03,-16.080E-03
-826.000E-03,-20.101E-03
-824.000E-03,-20.101E-03
-822.000E-03,-20.101E-03
-820.000E-03,-20.101E-03
-818.000E-03,-20.101E-03
-816.000E-03,-20.101E-03
-814.000E-03,-20.101E-03
-812.000E-03,+4.020E-03
-810.000E-03,+100.503E-03
-808.000E-03,-20.101E-03
-806.000E-03,-20.101E-03
-804.000E-03,-20.101E-03
-802.000E-03,-20.101E-03
-800.000E-03,-20.101E-03
-798.000E-03,-20.101E-03
-796.000E-03,-20.101E-03
-794.000E-03,-20.101E-03
-792.000E-03,-20.101E-03
-790.000E-03,-20.101E-03
-788.000E-03,-20.101E-03
-786.000E-03,-8.040E-03
-784.000E-03,-20.101E-03
-782.000E-03,-20.101E-03
-780.000E-03,-20.101E-03
-778.000E-03,-20.101E-03
-776.000E-03,-12.060E-03
-774.000E-03,-8.040E-03
-772.000E-03,-20.101E-03
-770.000E-03,-0.0E+00
-768.000E-03,-20.101E-03
-766.000E-03,-20.101E-03
-764.000E-03,-20.101E-03
-762.000E-03,-16.080E-03
-760.000E-03,-20.101E-03
-758.000E-03,-16.080E-03
-756.000E-03,-20.101E-03
-754.000E-03,-20.101E-03
-752.000E-03,-20.101E-03
-750.000E-03,-0.0E+00
-748.000E-03,-20.101E-03
-746.000E-03,-12.060E-03
-744.000E-03,-20.101E-03
-742.000E-03,-20.101E-03
-740.000E-03,-20.101E-03
-738.000E-03,-20.101E-03
-736.000E-03,-20.101E-03
-734.000E-03,-20.101E-03
-732.000E-03,-20.101E-03
-730.000E-03,-20.101E-03
-728.000E-03,-20.101E-03
-726.000E-03,-8.040E-03
-724.000E-03,-20.101E-03
-722.000E-03,-4.020E-03
-720.000E-03,-20.101E-03
-718.000E-03,-20.101E-03
-716.000E-03,-20.101E-03
-714.000E-03,-20.101E-03
-712.000E-03,+132.663E-03
-710.000E-03,-20.101E-03
-708.000E-03,-20.101E-03
-706.000E-03,-20.101E-03
-704.000E-03,-20.101E-03
-702.000E-03,-20.101E-03
-700.000E-03,-20.101E-03
-698.000E-03,-20.101E-03
-696.000E-03,-20.101E-03
-694.000E-03,-20.101E-03
-692.000E-03,-20.101E-03
-690.000E-03,-20.101E-03
-688.000E-03,-20.101E-03
-686.000E-03,-20.101E-03
-684.000E-03,-20.101E-03
-682.000E-03,-20.101E-03
-680.000E-03,-20.101E-03
-678.000E-03,-20.101E-03
-676.000E-03,-20.101E-03
-674.000E-03,-20.101E-03
-672.000E-03,-20.101E-03
-670.000E-03,-20.101E-03
-668.000E-03,-24.121E-03
-666.000E-03,-20.101E-03
-664.000E-03,-12.060E-03
-662.000E-03,-20.101E-03
-660.000E-03,-20.101E-03
-658.000E-03,-20.101E-03
-656.000E-03,-12.060E-03
-654.000E-03,-20.101E-03
-652.000E-03,-20.101E-03
-650.000E-03,-20.101E-03
-648.000E-03,-4.020E-03
-646.000E-03,+0.0E+00
-644.000E-03,-8.040E-03
-642.000E-03,-20.101E-03
-640.000E-03,-20.101E-03
-638.000E-03,-20.101E-03
-636.000E-03,-20.101E-03
-634.000E-03,-4.020E-03
-632.000E-03,-20.101E-03
-630.000E-03,-20.101E-03
-628.000E-03,-20.101E-03
-626.000E-03,-12.060E-03
-624.000E-03,-20.101E-03
-622.000E-03,-20.101E-03
-620.000E-03,-20.101E-03
-618.000E-03,-20.101E-03
-616.000E-03,-20.101E-03
-614.000E-03,-20.101E-03
-612.000E-03,-20.101E-03
-610.000E-03,-20.101E-03
-608.000E-03,-20.101E-03
-606.000E-03,-12.060E-03
-604.000E-03,+0.0E+00
-602.000E-03,-20.101E-03
-600.000E-03,-20.101E-03
-598.000E-03,-20.101E-03
-596.000E-03,-20.101E-03
-594.000E-03,-8.040E-03
-592.000E-03,-20.101E-03
-590.000E-03,-20.101E-03
-588.000E-03,-4.020E-03
-586.000E-03,+0.0E+00
-584.000E-03,-20.101E-03
-582.000E-03,-20.101E-03
-580.000E-03,-20.101E-03
-578.000E-03,-4.020E-03
-576.000E-03,-20.101E-03
-574.000E-03,-20.101E-03
-572.000E-03,-20.101E-03
-570.000E-03,-20.101E-03
-568.000E-03,-20.101E-03
-566.000E-03,-20.101E-03
-564.000E-03,-20.101E-03
-562.000E-03,-4.020E-03
-560.000E-03,-20.101E-03
-558.000E-03,-20.101E-03
-556.000E-03,-8.040E-03
-554.000E-03,-20.101E-03
-552.000E-03,-20.101E-03
-550.000E-03,-0.0E+00
-548.000E-03,-36.181E-03
-546.000E-03,-20.101E-03
-544.000E-03,-20.101E-03
-542.000E-03,-20.101E-03
-540.000E-03,-20.101E-03
-538.000E-03,-20.101E-03
-536.000E-03,-20.101E-03
-534.000E-03,-20.101E-03
-532.000E-03,-20.101E-03
-530.000E-03,-20.101E-03
-528.000E-03,-20.101E-03
-526.000E-03,-8.040E-03
-524.000E-03,-20.101E-03
-522.000E-03,-4.020E-03
-520.000E-03,-20.101E-03
-518.000E-03,-20.101E-03
-516.000E-03,-20.101E-03
-514.000E-03,-20.101E-03
-512.000E-03,+221.106E-03
-510.000E-03,-20.101E-03
-508.000E-03,-16.080E-03
-506.000E-03,-20.101E-03
-504.000E-03,-8.040E-03
-502.000E-03,-20.101E-03
-500.000E-03,-20.101E-03
-498.000E-03,-20.101E-03
-496.000E-03,-20.101E-03
-494.000E-03,-20.101E-03
-492.000E-03,-20.101E-03
-490.000E-03,-20.101E-03
-488.000E-03,-20.101E-03
-486.000E-03,-20.101E-03
-484.000E-03,-20.101E-03
-482.000E-03,-20.101E-03
-480.000E-03,-20.101E-03
-478.000E-03,-4.020E-03
-476.000E-03,-20.101E-03
-474.000E-03,-20.101E-03
-472.000E-03,-20.101E-03
-470.000E-03,-20.101E-03
-468.000E-03,-20.101E-03
-466.000E-03,-20.101E-03
-464.000E-03,-12.060E-03
-462.000E-03,-16.080E-03
-460.000E-03,-20.101E-03
-458.000E-03,-20.101E-03
-456.000E-03,-12.060E-03
-454.000E-03,-20.101E-03
-452.000E-03,-20.101E-03
-450.000E-03,-20.101E-03
-448.000E-03,-4.020E-03
-446.000E-03,-8.040E-03
-444.000E-03,-20.101E-03
-442.000E-03,-20.101E-03
-440.000E-03,-20.101E-03
-438.000E-03,-20.101E-03
-436.000E-03,-12.060E-03
-434.000E-03,-20.101E-03
-432.000E-03,-20.101E-03
-430.000E-03,-20.101E-03
-428.000E-03,-20.101E-03
-426.000E-03,-20.101E-03
-424.000E-03,-20.101E-03
-422.000E-03,-20.101E-03
-420.000E-03,-20.101E-03
-418.000E-03,-4.020E-03
-416.000E-03,-20.101E-03
-414.000E-03,-20.101E-03
-412.000E-03,+128.643E-03
-410.000E-03,-20.101E-03
-408.000E-03,-20.101E-03
-406.000E-03,-20.101E-03
-404.000E-03,-20.101E-03
-402.000E-03,-20.101E-03
-400.000E-03,-20.101E-03
-398.000E-03,-20.101E-03
-396.000E-03,-8.040E-03
-394.000E-03,-20.101E-03
-392.000E-03,-20.101E-03
-390.000E-03,-20.101E-03
-388.000E-03,-20.101E-03
-386.000E-03,-20.101E-03
-384.000E-03,-20.101E-03
-382.000E-03,-20.101E-03
-380.000E-03,-20.101E-03
-378.000E-03,-20.101E-03
-376.000E-03,-20.101E-03
-374.000E-03,-20.101E-03
-372.000E-03,-20.101E-03
-370.000E-03,-20.101E-03
-368.000E-03,-20.101E-03
-366.000E-03,-20.101E-03
-364.000E-03,-12.060E-03
-362.000E-03,-16.080E-03
-360.000E-03,-20.101E-03
-358.000E-03,-20.101E-03
-356.000E-03,-20.101E-03
-354.000E-03,-20.101E-03
-352.000E-03,-20.101E-03
-350.000E-03,-40.201E-03
-348.000E-03,-16.080E-03
-346.000E-03,-12.060E-03
-344.000E-03,-20.101E-03
-342.000E-03,-20.101E-03
-340.000E-03,-60.302E-03
-338.000E-03,-20.101E-03
-336.000E-03,-8.040E-03
-334.000E-03,-20.101E-03
-332.000E-03,-36.181E-03
-330.000E-03,-20.101E-03
-328.000E-03,-20.101E-03
-326.000E-03,-20.101E-03
-324.000E-03,+0.0E+00
-322.000E-03,-20.101E-03
-320.000E-03,-40.201E-03
-318.000E-03,-20.101E-03
-316.000E-03,-20.101E-03
-314.000E-03,-20.101E-03
-312.000E-03,-24.121E-03
-310.000E-03,-40.201E-03
-308.000E-03,-24.121E-03
-306.000E-03,-20.101E-03
-304.000E-03,-20.101E-03
-302.000E-03,-20.101E-03
-300.000E-03,-20.101E-03
-298.000E-03,-20.101E-03
-296.000E-03,-20.101E-03
-294.000E-03,-20.101E-03
-292.000E-03,-20.101E-03
-290.000E-03,-20.101E-03
-288.000E-03,-20.101E-03
-286.000E-03,-20.101E-03
-284.000E-03,-20.101E-03
-282.000E-03,-20.101E-03
-280.000E-03,-20.101E-03
-278.000E-03,-20.101E-03
-276.000E-03,-20.101E-03
-274.000E-03,-20.101E-03
-272.000E-03,-20.101E-03
-270.000E-03,-20.101E-03
-268.000E-03,-4.020E-03
-266.000E-03,-20.101E-03
-264.000E-03,-20.101E-03
-262.000E-03,-20.101E-03
-260.000E-03,-20.101E-03
-258.000E-03,-20.101E-03
-256.000E-03,-20.101E-03
-254.000E-03,-32.161E-03
-252.000E-03,-20.101E-03
-250.000E-03,-20.101E-03
-248.000E-03,-16.080E-03
-246.000E-03,-20.101E-03
-244.000E-03,-20.101E-03
-242.000E-03,-20.101E-03
-240.000E-03,-20.101E-03
-238.000E-03,-20.101E-03
-236.000E-03,-20.101E-03
-234.000E-03,-20.101E-03
-232.000E-03,-20.101E-03
-230.000E-03,-20.101E-03
-228.000E-03,-20.101E-03
-226.000E-03,-12.060E-03
-224.000E-03,-20.101E-03
-222.000E-03,-20.101E-03
-220.000E-03,-20.101E-03
-218.000E-03,-20.101E-03
-216.000E-03,-8.040E-03
-214.000E-03,-20.101E-03
-212.000E-03,+28.141E-03
-210.000E-03,-80.402E-03
-208.000E-03,-20.101E-03
-206.000E-03,-20.101E-03
-204.000E-03,-12.060E-03
-202.000E-03,-16.080E-03
-200.000E-03,-0.0E+00
-198.000E-03,-20.101E-03
-196.000E-03,-20.101E-03
-194.000E-03,-20.101E-03
-192.000E-03,-20.101E-03
-190.000E-03,-20.101E-03
-188.000E-03,-20.101E-03
-186.000E-03,-20.101E-03
-184.000E-03,-20.101E-03
-182.000E-03,-24.121E-03
-180.000E-03,-20.101E-03
-178.000E-03,-20.101E-03
-176.000E-03,-20.101E-03
-174.000E-03,-8.040E-03
-172.000E-03,-20.101E-03
-170.000E-03,-20.101E-03
-168.000E-03,-20.101E-03
-166.000E-03,-20.101E-03
-164.000E-03,-20.101E-03
-162.000E-03,-4.020E-03
-160.000E-03,-20.101E-03
-158.000E-03,-20.101E-03
-156.000E-03,-20.101E-03
-154.000E-03,-20.101E-03
-152.000E-03,-20.101E-03
-150.000E-03,-20.101E-03
-148.000E-03,-4.020E-03
-146.000E-03,-20.101E-03
-144.000E-03,-20.101E-03
-142.000E-03,-20.101E-03
-140.000E-03,-20.101E-03
-138.000E-03,-20.101E-03
-136.000E-03,-20.101E-03
-134.000E-03,-20.101E-03
-132.000E-03,-20.101E-03
-130.000E-03,-20.101E-03
-128.000E-03,-20.101E-03
-126.000E-03,-20.101E-03
-124.000E-03,-20.101E-03
-122.000E-03,-20.101E-03
-120.000E-03,-20.101E-03
-118.000E-03,-20.101E-03
-116.000E-03,-20.101E-03
-114.000E-03,-20.101E-03
-112.000E-03,-225.126E-03
-110.000E-03,-20.101E-03
-108.000E-03,-20.101E-03
-106.000E-03,-20.101E-03
-104.000E-03,-20.101E-03
-102.000E-03,-20.101E-03
-100.000E-03,-20.101E-03
-98.000E-03,-20.101E-03
-96.000E-03,-20.101E-03
-94.000E-03,-20.101E-03
-92.000E-03,-20.101E-03
-90.000E-03,-20.101E-03
-88.000E-03,-20.101E-03
-86.000E-03,-20.101E-03
-84.000E-03,-20.101E-03
-82.000E-03,-16.080E-03
-80.000E-03,-20.101E-03
-78.000E-03,-4.020E-03
-76.000E-03,-20.101E-03
-74.000E-03,-20.101E-03
-72.000E-03,-20.101E-03
-70.000E-03,-20.101E-03
-68.000E-03,-20.101E-03
-66.000E-03,-20.101E-03
-64.000E-03,-20.101E-03
-62.000E-03,-20.101E-03
-60.000E-03,-20.101E-03
-58.000E-03,+0.0E+00
-56.000E-03,-20.101E-03
-54.000E-03,-20.101E-03
-52.000E-03,-4.020E-03
-50.000E-03,-20.101E-03
-48.000E-03,-24.121E-03
-46.000E-03,-12.060E-03
-44.000E-03,-8.040E-03
-42.000E-03,-20.101E-03
-40.000E-03,-20.101E-03
-38.000E-03,+0.0E+00
-36.000E-03,-20.101E-03
-34.000E-03,-20.101E-03
-32.000E-03,-20.101E-03
-30.000E-03,-20.101E-03
-28.000E-03,-20.101E-03
-26.000E-03,-12.060E-03
-24.000E-03,-20.101E-03
-22.000E-03,-20.101E-03
-20.000E-03,-60.302E-03
-18.000E-03,-20.101E-03
-16.000E-03,-20.101E-03
-14.000E-03,-20.101E-03
-12.000E-03,+209.045E-03
-10.000E-03,-60.302E-03
-8.000E-03,-20.101E-03
-6.000E-03,-20.101E-03
-4.000E-03,-20.101E-03
-2.000E-03,-20.101E-03
