x_axis,channel_2,4
-4.980469,0.017454,+4.646435E+00
-4.976563,0.017202,+4.646435E+00
-4.972656,0.017077,+4.646435E+00
-4.96875,0.017202,+4.646435E+00
-4.964844,0.017328,+4.646435E+00
-4.960938,0.017202,+4.646435E+00
-4.957031,0.016951,+4.646435E+00
-4.953125,0.0167,+4.646435E+00
-4.949219,0.016951,+4.646435E+00
-4.945313,0.016951,+4.646435E+00
-4.941406,0.016951,+4.646435E+00
-4.9375,0.0167,+4.646435E+00
-4.933594,0.016449,+4.646435E+00
-4.929688,0.0167,+4.646435E+00
-4.925781,0.016826,+4.646435E+00
-4.921875,0.016826,+4.646435E+00
-4.917969,0.016574,+4.646435E+00
-4.914063,0.016323,+4.646435E+00
-4.910156,0.016449,+4.646435E+00
-4.90625,0.0167,+4.646435E+00
-4.902344,0.0167,+4.646435E+00
-4.898438,0.016449,+4.646435E+00
-4.894531,0.016197,+4.646435E+00
-4.890625,0.016323,+4.646435E+00
-4.886719,0.016449,+4.646435E+00
-4.882813,0.016449,+4.646435E+00
-4.878906,0.016323,+4.646435E+00
-4.875,0.016072,+4.646435E+00
-4.871094,0.016197,+4.646435E+00
-4.867188,0.016323,+4.646435E+00
-4.863281,0.016323,+4.646435E+00
-4.859375,0.016072,+4.646435E+00
-4.855469,0.015821,+4.646435E+00
-4.851563,0.015695,+4.646435E+00
-4.847656,0.015946,+4.646435E+00
-4.84375,0.015946,+4.633873E+00
-4.839844,0.015821,+4.646435E+00
-4.835938,0.015569,+4.646435E+00
-4.832031,0.015569,+4.646435E+00
-4.828125,0.015695,+4.646435E+00
-4.824219,0.015946,+4.646435E+00
-4.820313,0.015821,+4.646435E+00
-4.816406,0.015569,+4.646435E+00
-4.8125,0.015569,+4.646435E+00
-4.808594,0.015821,+4.646435E+00
-4.804688,0.015946,+4.633873E+00
-4.800781,0.015946,+4.646435E+00
-4.796875,0.015695,+4.646435E+00
-4.792969,0.015569,+4.633873E+00
-4.789063,0.015695,+4.646435E+00
-4.785156,0.015821,+4.633873E+00
-4.78125,0.015695,+4.633873E+00
-4.777344,0.015444,+4.646435E+00
-4.773438,0.015318,+4.646435E+00
-4.769531,0.015444,+4.646435E+00
-4.765625,0.015695,+4.633873E+00
-4.761719,0.015695,+4.646435E+00
-4.757813,0.015444,+4.646435E+00
-4.753906,0.015444,+4.646435E+00
-4.75,0.015569,+4.646435E+00
-4.746094,0.015695,+4.646435E+00
-4.742188,0.015569,+4.646435E+00
-4.738281,0.015444,+4.646435E+00
-4.734375,0.015318,+4.646435E+00
-4.730469,0.015444,+4.646435E+00
-4.726563,0.015569,+4.646435E+00
-4.722656,0.015569,+4.646435E+00
-4.71875,0.015318,+4.633873E+00
-4.714844,0.015067,+4.646435E+00
-4.710938,0.015067,+4.646435E+00
-4.707031,0.015192,+4.646435E+00
-4.703125,0.015318,+4.646435E+00
-4.699219,0.015067,+4.646435E+00
-4.695313,0.01469,+4.646435E+00
-4.691406,0.01469,+4.646435E+00
-4.6875,0.014815,+4.646435E+00
-4.683594,0.014941,+4.646435E+00
-4.679688,0.014815,+4.646435E+00
-4.675781,0.01469,+4.646435E+00
-4.671875,0.014564,+4.646435E+00
-4.667969,0.01469,+4.646435E+00
-4.664063,0.014815,+4.633873E+00
-4.660156,0.01469,+4.646435E+00
-4.65625,0.014313,+4.646435E+00
-4.652344,0.014313,+4.646435E+00
-4.648438,0.014564,+4.646435E+00
-4.644531,0.014564,+4.646435E+00
-4.640625,0.014564,+4.646435E+00
-4.636719,0.014313,+4.646435E+00
-4.632813,0.014313,+4.646435E+00
-4.628906,0.01469,+4.646435E+00
-4.625,0.015067,+4.646435E+00
-4.621094,0.015067,+4.646435E+00
-4.617188,0.014941,+4.646435E+00
-4.613281,0.014941,+4.646435E+00
-4.609375,0.015192,+4.646435E+00
-4.605469,0.015569,+4.646435E+00
-4.601563,0.015821,+4.646435E+00
-4.597656,0.015946,+4.646435E+00
-4.59375,0.016197,+4.646435E+00
-4.589844,0.017077,+4.646435E+00
-4.585938,0.018082,+4.646435E+00
-4.582031,0.018584,+4.646435E+00
-4.578125,0.019338,+4.646435E+00
-4.574219,0.019966,+4.646435E+00
-4.570313,0.020594,+4.646435E+00
-4.566406,0.021097,+4.646435E+00
-4.5625,0.021851,+4.646435E+00
-4.558594,0.022228,+4.646435E+00
-4.554688,0.022102,+4.646435E+00
-4.550781,0.022604,+4.646435E+00
-4.546875,0.023735,+4.646435E+00
-4.542969,0.024112,+4.646435E+00
-4.539063,0.024112,+4.646435E+00
-4.535156,0.02474,+4.646435E+00
-4.53125,0.024991,+4.646435E+00
-4.527344,0.025871,+4.646435E+00
-4.523438,0.027001,+4.646435E+00
-4.519531,0.027504,+4.646435E+00
-4.515625,0.027378,+4.646435E+00
-4.511719,0.027253,+4.646435E+00
-4.507813,0.028258,+4.646435E+00
-4.503906,0.028509,+4.646435E+00
-4.5,0.028383,+4.646435E+00
-4.496094,0.028635,+4.646435E+00
-4.492188,0.028886,+4.646435E+00
-4.488281,0.029011,+4.646435E+00
-4.484375,0.028509,+4.646435E+00
-4.480469,0.027755,+4.646435E+00
-4.476563,0.026122,+4.646435E+00
-4.472656,0.025243,+4.646435E+00
-4.46875,0.025368,+4.646435E+00
-4.464844,0.025745,+4.646435E+00
-4.460938,0.025243,+4.646435E+00
-4.457031,0.02474,+4.646435E+00
-4.453125,0.024112,+4.646435E+00
-4.449219,0.023986,+4.646435E+00
-4.445313,0.023735,+4.646435E+00
-4.441406,0.023233,+4.646435E+00
-4.4375,0.021976,+4.646435E+00
-4.433594,0.021223,+4.646435E+00
-4.429688,0.021097,+4.646435E+00
-4.425781,0.021097,+4.633873E+00
-4.421875,0.02072,+4.646435E+00
-4.417969,0.020469,+4.646435E+00
-4.414063,0.02072,+4.646435E+00
-4.410156,0.021097,+4.646435E+00
-4.40625,0.021725,+4.646435E+00
-4.402344,0.022228,+4.646435E+00
-4.398438,0.022353,+4.646435E+00
-4.394531,0.022353,+4.646435E+00
-4.390625,0.021851,+4.646435E+00
-4.386719,0.022353,+4.646435E+00
-4.382813,0.022479,+4.646435E+00
-4.378906,0.021599,+4.646435E+00
-4.375,0.02072,+4.646435E+00
-4.371094,0.020469,+4.633873E+00
-4.367188,0.020217,+4.646435E+00
-4.363281,0.019715,+4.646435E+00
-4.359375,0.018961,+4.646435E+00
-4.355469,0.018207,+4.646435E+00
-4.351563,0.017579,+4.646435E+00
-4.347656,0.017328,+4.646435E+00
-4.34375,0.017077,+4.646435E+00
-4.339844,0.016197,+4.646435E+00
-4.335938,0.015318,+4.646435E+00
-4.332031,0.014815,+4.646435E+00
-4.328125,0.014062,+4.646435E+00
-4.324219,0.013685,+4.646435E+00
-4.320313,0.012805,+4.646435E+00
-4.316406,0.012177,+4.646435E+00
-4.3125,0.011424,+4.646435E+00
-4.308594,0.01067,+4.646435E+00
-4.304688,0.010042,+4.646435E+00
-4.300781,0.009413,+4.646435E+00
-4.296875,0.008785,+4.646435E+00
-4.292969,0.008408,+4.646435E+00
-4.289063,0.008032,+4.646435E+00
-4.285156,0.007655,+4.646435E+00
-4.28125,0.007278,+4.646435E+00
-4.277344,0.00665,+4.646435E+00
-4.273438,0.006398,+4.646435E+00
-4.269531,0.006273,+4.646435E+00
-4.265625,0.006147,+4.646435E+00
-4.261719,0.00577,+4.646435E+00
-4.257813,0.005519,+4.646435E+00
-4.253906,0.005142,+4.646435E+00
-4.25,0.005016,+4.646435E+00
-4.246094,0.005016,+4.646435E+00
-4.242188,0.004891,+4.646435E+00
-4.238281,0.004514,+4.646435E+00
-4.234375,0.004263,+4.646435E+00
-4.230469,0.004137,+4.646435E+00
-4.226563,0.004137,+4.646435E+00
-4.222656,0.004137,+4.646435E+00
-4.21875,0.003886,+4.646435E+00
-4.214844,0.00376,+4.646435E+00
-4.210938,0.00376,+4.646435E+00
-4.207031,0.00376,+4.646435E+00
-4.203125,0.00376,+4.646435E+00
-4.199219,0.003635,+4.646435E+00
-4.195313,0.003509,+4.646435E+00
-4.191406,0.003509,+4.646435E+00
-4.1875,0.003509,+4.646435E+00
-4.183594,0.003509,+4.646435E+00
-4.179688,0.003509,+4.646435E+00
-4.175781,0.003509,+4.646435E+00
-4.171875,0.003509,+4.646435E+00
-4.167969,0.003635,+4.646435E+00
-4.164063,0.00376,+4.646435E+00
-4.160156,0.00376,+4.646435E+00
-4.15625,0.00376,+4.646435E+00
-4.152344,0.00376,+4.646435E+00
-4.148438,0.004011,+4.646435E+00
-4.144531,0.004137,+4.646435E+00
-4.140625,0.004388,+4.646435E+00
-4.136719,0.004388,+4.646435E+00
-4.132813,0.004514,+4.646435E+00
-4.128906,0.004765,+4.633873E+00
-4.125,0.005016,+4.646435E+00
-4.121094,0.005142,+4.646435E+00
-4.117188,0.005142,+4.633873E+00
-4.113281,0.005268,+4.633873E+00
-4.109375,0.005519,+4.646435E+00
-4.105469,0.005896,+4.646435E+00
-4.101563,0.006147,+4.646435E+00
-4.097656,0.006273,+4.646435E+00
-4.09375,0.006398,+4.646435E+00
-4.089844,0.006775,+4.646435E+00
-4.085938,0.007027,+4.646435E+00
-4.082031,0.007278,+4.646435E+00
-4.078125,0.007278,+4.646435E+00
-4.074219,0.007403,+4.646435E+00
-4.070313,0.007655,+4.646435E+00
-4.066406,0.007906,+4.633873E+00
-4.0625,0.008157,+4.633873E+00
-4.058594,0.008157,+4.646435E+00
-4.054688,0.008157,+4.646435E+00
-4.050781,0.008408,+4.633873E+00
-4.046875,0.00866,+4.646435E+00
-4.042969,0.008785,+4.646435E+00
-4.039063,0.008911,+4.646435E+00
-4.035156,0.008911,+4.646435E+00
-4.03125,0.009037,+4.646435E+00
-4.027344,0.009413,+4.646435E+00
-4.023438,0.009665,+4.646435E+00
-4.019531,0.009916,+4.646435E+00
-4.015625,0.00979,+4.646435E+00
-4.011719,0.009916,+4.646435E+00
-4.007813,0.010293,+4.646435E+00
-4.003906,0.010544,+4.646435E+00
-4.0,0.010544,+4.646435E+00
-3.996094,0.010544,+4.646435E+00
-3.992188,0.01067,+4.646435E+00
-3.988281,0.010921,+4.646435E+00
-3.984375,0.011047,+4.646435E+00
-3.980469,0.010921,+4.646435E+00
-3.976563,0.010795,+4.646435E+00
-3.972656,0.010795,+4.646435E+00
-3.96875,0.010795,+4.646435E+00
-3.964844,0.010921,+4.646435E+00
-3.960938,0.010921,+4.646435E+00
-3.957031,0.010795,+4.646435E+00
-3.953125,0.01067,+4.646435E+00
-3.949219,0.010795,+4.646435E+00
-3.945313,0.010921,+4.646435E+00
-3.941406,0.010921,+4.646435E+00
-3.9375,0.010795,+4.646435E+00
-3.933594,0.01067,+4.646435E+00
-3.929688,0.010795,+4.646435E+00
-3.925781,0.010921,+4.646435E+00
-3.921875,0.010921,+4.646435E+00
-3.917969,0.010795,+4.646435E+00
-3.914063,0.01067,+4.646435E+00
-3.910156,0.010795,+4.646435E+00
-3.90625,0.011047,+4.646435E+00
-3.902344,0.011172,+4.646435E+00
-3.898438,0.011047,+4.646435E+00
-3.894531,0.010921,+4.646435E+00
-3.890625,0.011047,+4.646435E+00
-3.886719,0.011298,+4.646435E+00
-3.882813,0.011424,+4.646435E+00
-3.878906,0.011298,+4.646435E+00
-3.875,0.011172,+4.646435E+00
-3.871094,0.011172,+4.646435E+00
-3.867188,0.011298,+4.646435E+00
-3.863281,0.011424,+4.646435E+00
-3.859375,0.011298,+4.646435E+00
-3.855469,0.011172,+4.646435E+00
-3.851563,0.011172,+4.646435E+00
-3.847656,0.011298,+4.646435E+00
-3.84375,0.011424,+4.646435E+00
-3.839844,0.011424,+4.646435E+00
-3.835938,0.011298,+4.646435E+00
-3.832031,0.011298,+4.646435E+00
-3.828125,0.011549,+4.646435E+00
-3.824219,0.011926,+4.646435E+00
-3.820313,0.011926,+4.646435E+00
-3.816406,0.0118,+4.646435E+00
-3.8125,0.011926,+4.646435E+00
-3.808594,0.012177,+4.646435E+00
-3.804688,0.012429,+4.646435E+00
-3.800781,0.012554,+4.646435E+00
-3.796875,0.012429,+4.646435E+00
-3.792969,0.012429,+4.646435E+00
-3.789063,0.01268,+4.646435E+00
-3.785156,0.012931,+4.646435E+00
-3.78125,0.013057,+4.646435E+00
-3.777344,0.013057,+4.646435E+00
-3.773438,0.012931,+4.646435E+00
-3.769531,0.013182,+4.646435E+00
-3.765625,0.013434,+4.646435E+00
-3.761719,0.013559,+4.646435E+00
-3.757813,0.013559,+4.646435E+00
-3.753906,0.013559,+4.646435E+00
-3.75,0.01381,+4.646435E+00
-3.746094,0.014187,+4.646435E+00
-3.742188,0.014439,+4.646435E+00
-3.738281,0.014439,+4.646435E+00
-3.734375,0.014439,+4.646435E+00
-3.730469,0.01469,+4.646435E+00
-3.726563,0.015192,+4.646435E+00
-3.722656,0.015444,+4.646435E+00
-3.71875,0.015569,+4.646435E+00
-3.714844,0.015821,+4.646435E+00
-3.710938,0.016449,+4.646435E+00
-3.707031,0.017202,+4.646435E+00
-3.703125,0.017831,+4.646435E+00
-3.699219,0.018082,+4.646435E+00
-3.695313,0.018207,+4.646435E+00
-3.691406,0.01871,+4.646435E+00
-3.6875,0.019464,+4.646435E+00
-3.683594,0.019841,+4.646435E+00
-3.679688,0.020217,+4.646435E+00
-3.675781,0.020343,+4.646435E+00
-3.671875,0.020846,+4.646435E+00
-3.667969,0.021599,+4.646435E+00
-3.664063,0.022228,+4.646435E+00
-3.660156,0.022604,+4.646435E+00
-3.65625,0.022856,+4.646435E+00
-3.652344,0.023233,+4.646435E+00
-3.648438,0.023861,+4.646435E+00
-3.644531,0.024866,+4.646435E+00
-3.640625,0.025243,+4.646435E+00
-3.636719,0.025871,+4.646435E+00
-3.632813,0.026499,+4.646435E+00
-3.628906,0.027881,+4.646435E+00
-3.625,0.029388,+4.646435E+00
-3.621094,0.030393,+4.646435E+00
-3.617188,0.031398,+4.646435E+00
-3.613281,0.031775,+4.646435E+00
-3.609375,0.033283,+4.646435E+00
-3.605469,0.034539,+4.646435E+00
-3.601563,0.03567,+4.646435E+00
-3.597656,0.036172,+4.646435E+00
-3.59375,0.037303,+4.646435E+00
-3.589844,0.03969,+4.646435E+00
-3.585938,0.040067,+4.646435E+00
-3.582031,0.040821,+4.646435E+00
-3.578125,0.041072,+4.646435E+00
-3.574219,0.042202,+4.646435E+00
-3.570313,0.043082,+4.646435E+00
-3.566406,0.044715,+4.646435E+00
-3.5625,0.045343,+4.646435E+00
-3.558594,0.045217,+4.646435E+00
-3.554688,0.045343,+4.646435E+00
-3.550781,0.045343,+4.646435E+00
-3.546875,0.045846,+4.646435E+00
-3.542969,0.046851,+4.646435E+00
-3.539063,0.047353,+4.646435E+00
-3.535156,0.046851,+4.646435E+00
-3.53125,0.046976,+4.646435E+00
-3.527344,0.047604,+4.646435E+00
-3.523438,0.053509,+4.646435E+00
-3.519531,0.051248,+4.646435E+00
-3.515625,0.05175,+4.646435E+00
-3.511719,0.051876,+4.646435E+00
-3.507813,0.053886,+4.646435E+00
-3.503906,0.05577,+4.646435E+00
-3.5,0.056273,+4.646435E+00
-3.496094,0.057403,+4.646435E+00
-3.492188,0.06067,+4.646435E+00
-3.488281,0.065821,+4.646435E+00
-3.484375,0.061047,+4.646435E+00
-3.480469,0.06067,+4.646435E+00
-3.476563,0.058911,+4.646435E+00
-3.472656,0.055896,+4.646435E+00
-3.46875,0.05577,+4.646435E+00
-3.464844,0.056273,+4.646435E+00
-3.460938,0.057027,+4.646435E+00
-3.457031,0.053886,+4.646435E+00
-3.453125,0.050243,+4.646435E+00
-3.449219,0.049238,+4.646435E+00
-3.445313,0.048609,+4.646435E+00
-3.441406,0.047353,+4.646435E+00
-3.4375,0.04572,+4.646435E+00
-3.433594,0.045343,+4.646435E+00
-3.429688,0.048609,+4.646435E+00
-3.425781,0.047479,+4.646435E+00
-3.421875,0.046725,+4.646435E+00
-3.417969,0.046474,+4.646435E+00
-3.414063,0.051373,+4.646435E+00
-3.410156,0.054891,+4.646435E+00
-3.40625,0.055016,+4.646435E+00
-3.402344,0.052378,+4.646435E+00
-3.398438,0.050368,+4.646435E+00
-3.394531,0.052001,+4.646435E+00
-3.390625,0.052755,+4.646435E+00
-3.386719,0.05376,+4.646435E+00
-3.382813,0.054137,+4.646435E+00
-3.378906,0.058283,+4.646435E+00
-3.375,0.05866,+4.646435E+00
-3.371094,0.056775,+4.646435E+00
-3.367188,0.064941,+4.646435E+00
-3.363281,0.074363,+4.646435E+00
-3.359375,0.070469,+4.646435E+00
-3.355469,0.077504,+4.646435E+00
-3.351563,0.081273,+4.646435E+00
-3.347656,0.094212,+4.646435E+00
-3.34375,0.095594,+4.633873E+00
-3.339844,0.099991,+4.646435E+00
-3.335938,0.097102,+4.646435E+00
-3.332031,0.090946,+4.646435E+00
-3.328125,0.091072,+4.646435E+00
-3.324219,0.099112,+4.646435E+00
-3.320313,0.116951,+4.646435E+00
-3.316406,0.126625,+4.646435E+00
-3.3125,0.13165,+4.646435E+00
-3.308594,0.140946,+4.646435E+00
-3.304688,0.142831,+4.646435E+00
-3.300781,0.145092,+4.646435E+00
-3.296875,0.144212,+4.646435E+00
-3.292969,0.14773,+4.646435E+00
-3.289063,0.15062,+4.646435E+00
-3.285156,0.150745,+4.646435E+00
-3.28125,0.135795,+4.646435E+00
-3.277344,0.13768,+4.646435E+00
-3.273438,0.13165,+4.646435E+00
-3.269531,0.143459,+4.646435E+00
-3.265625,0.135921,+4.646435E+00
-3.261719,0.128509,+4.646435E+00
-3.257813,0.112303,+4.646435E+00
-3.253906,0.11381,+4.646435E+00
-3.25,0.125996,+4.646435E+00
-3.246094,0.126122,+4.646435E+00
-3.242188,0.110042,+4.633873E+00
-3.238281,0.100368,+4.633873E+00
-3.234375,0.091197,+4.646435E+00
-3.230469,0.078886,+4.646435E+00
-3.226563,0.072102,+4.646435E+00
-3.222656,0.066197,+4.646435E+00
-3.21875,0.062177,+4.646435E+00
-3.214844,0.065695,+4.646435E+00
-3.210938,0.063685,+4.646435E+00
-3.207031,0.062177,+4.646435E+00
-3.203125,0.061047,+4.646435E+00
-3.199219,0.05778,+4.646435E+00
-3.195313,0.058785,+4.646435E+00
-3.191406,0.059413,+4.646435E+00
-3.1875,0.059413,+4.646435E+00
-3.183594,0.057655,+4.646435E+00
-3.179688,0.056524,+4.646435E+00
-3.175781,0.052504,+4.646435E+00
-3.171875,0.051373,+4.646435E+00
-3.167969,0.055268,+4.633873E+00
-3.164063,0.060042,+4.646435E+00
-3.160156,0.060042,+4.633873E+00
-3.15625,0.060795,+4.646435E+00
-3.152344,0.06268,+4.646435E+00
-3.148438,0.062805,+4.646435E+00
-3.144531,0.057906,+4.646435E+00
-3.140625,0.062052,+4.646435E+00
-3.136719,0.062429,+4.646435E+00
-3.132813,0.061675,+4.646435E+00
-3.128906,0.062429,+4.646435E+00
-3.125,0.064439,+4.646435E+00
-3.121094,0.067579,+4.646435E+00
-3.117188,0.061549,+4.646435E+00
-3.113281,0.060042,+4.646435E+00
-3.109375,0.065318,+4.646435E+00
-3.105469,0.066072,+4.646435E+00
-3.101563,0.060167,+4.646435E+00
-3.097656,0.056901,+4.646435E+00
-3.09375,0.053132,+4.646435E+00
-3.089844,0.053006,+4.646435E+00
-3.085938,0.053132,+4.646435E+00
-3.082031,0.052504,+4.633873E+00
-3.078125,0.052378,+4.646435E+00
-3.074219,0.050243,+4.646435E+00
-3.070313,0.049614,+4.646435E+00
-3.066406,0.057278,+4.633873E+00
-3.0625,0.061047,+4.646435E+00
-3.058594,0.052378,+4.646435E+00
-3.054688,0.048233,+4.633873E+00
-3.050781,0.047981,+4.633873E+00
-3.046875,0.05175,+4.633873E+00
-3.042969,0.054765,+4.633873E+00
-3.039063,0.057655,+4.646435E+00
-3.035156,0.057655,+4.646435E+00
-3.03125,0.055645,+4.646435E+00
-3.027344,0.051876,+4.646435E+00
-3.023438,0.050117,+4.646435E+00
-3.019531,0.049614,+4.646435E+00
-3.015625,0.046725,+4.646435E+00
-3.011719,0.044087,+4.646435E+00
-3.007813,0.044338,+4.646435E+00
-3.003906,0.043836,+4.646435E+00
-3.0,0.042956,+4.633873E+00
-2.996094,0.041323,+4.633873E+00
-2.992188,0.041072,+4.646435E+00
-2.988281,0.041826,+4.646435E+00
-2.984375,0.042328,+4.646435E+00
-2.980469,0.041951,+4.646435E+00
-2.976563,0.040946,+4.646435E+00
-2.972656,0.039815,+4.646435E+00
-2.96875,0.039815,+4.646435E+00
-2.964844,0.039941,+4.646435E+00
-2.960938,0.040192,+4.646435E+00
-2.957031,0.038308,+4.646435E+00
-2.953125,0.036549,+4.646435E+00
-2.949219,0.035167,+4.633873E+00
-2.945313,0.034413,+4.646435E+00
-2.941406,0.033283,+4.633873E+00
-2.9375,0.03165,+4.646435E+00
-2.933594,0.030268,+4.646435E+00
-2.929688,0.029388,+4.646435E+00
-2.925781,0.029388,+4.646435E+00
-2.921875,0.028886,+4.633873E+00
-2.917969,0.027881,+4.646435E+00
-2.914063,0.027001,+4.633873E+00
-2.910156,0.026876,+4.646435E+00
-2.90625,0.027001,+4.646435E+00
-2.902344,0.027001,+4.646435E+00
-2.898438,0.026373,+4.646435E+00
-2.894531,0.025745,+4.646435E+00
-2.890625,0.026122,+4.646435E+00
-2.886719,0.026625,+4.646435E+00
-2.882813,0.026876,+4.646435E+00
-2.878906,0.026499,+4.646435E+00
-2.875,0.026122,+4.646435E+00
-2.871094,0.025996,+4.646435E+00
-2.867188,0.026248,+4.646435E+00
-2.863281,0.026248,+4.646435E+00
-2.859375,0.025871,+4.633873E+00
-2.855469,0.025368,+4.646435E+00
-2.851563,0.025368,+4.646435E+00
-2.847656,0.025745,+4.646435E+00
-2.84375,0.025996,+4.646435E+00
-2.839844,0.02562,+4.646435E+00
-2.835938,0.025117,+4.646435E+00
-2.832031,0.02474,+4.646435E+00
-2.828125,0.024991,+4.646435E+00
-2.824219,0.025368,+4.646435E+00
-2.820313,0.025117,+4.646435E+00
-2.816406,0.024614,+4.633873E+00
-2.8125,0.024489,+4.633873E+00
-2.808594,0.024614,+4.646435E+00
-2.804688,0.024991,+4.633873E+00
-2.800781,0.025117,+4.646435E+00
-2.796875,0.024991,+4.646435E+00
-2.792969,0.024991,+4.646435E+00
-2.789063,0.025243,+4.633873E+00
-2.785156,0.02562,+4.646435E+00
-2.78125,0.025996,+4.646435E+00
-2.777344,0.025871,+4.633873E+00
-2.773438,0.025745,+4.633873E+00
-2.769531,0.025745,+4.633873E+00
-2.765625,0.026248,+4.633873E+00
-2.761719,0.026373,+4.633873E+00
-2.757813,0.026122,+4.633873E+00
-2.753906,0.025871,+4.646435E+00
-2.75,0.026122,+4.646435E+00
-2.746094,0.026625,+4.646435E+00
-2.742188,0.026625,+4.646435E+00
-2.738281,0.026248,+4.646435E+00
-2.734375,0.025871,+4.646435E+00
-2.730469,0.025871,+4.646435E+00
-2.726563,0.026248,+4.646435E+00
-2.722656,0.026373,+4.646435E+00
-2.71875,0.026122,+4.646435E+00
-2.714844,0.025871,+4.633873E+00
-2.710938,0.025871,+4.646435E+00
-2.707031,0.025996,+4.646435E+00
-2.703125,0.026248,+4.633873E+00
-2.699219,0.026122,+4.633873E+00
-2.695313,0.025745,+4.646435E+00
-2.691406,0.025745,+4.633873E+00
-2.6875,0.026122,+4.646435E+00
-2.683594,0.026373,+4.633873E+00
-2.679688,0.026248,+4.633873E+00
-2.675781,0.025871,+4.633873E+00
-2.671875,0.025745,+4.633873E+00
-2.667969,0.026122,+4.633873E+00
-2.664063,0.026373,+4.633873E+00
-2.660156,0.026122,+4.633873E+00
-2.65625,0.02562,+4.633873E+00
-2.652344,0.025243,+4.633873E+00
-2.648438,0.025494,+4.633873E+00
-2.644531,0.025871,+4.633873E+00
-2.640625,0.025494,+4.646435E+00
-2.636719,0.024866,+4.646435E+00
-2.632813,0.024489,+4.633873E+00
-2.628906,0.024614,+4.646435E+00
-2.625,0.02474,+4.633873E+00
-2.621094,0.024614,+4.633873E+00
-2.617188,0.024363,+4.633873E+00
-2.613281,0.023986,+4.646435E+00
-2.609375,0.024112,+4.633873E+00
-2.605469,0.024614,+4.633873E+00
-2.601563,0.024991,+4.646435E+00
-2.597656,0.024866,+4.646435E+00
-2.59375,0.02474,+4.646435E+00
-2.589844,0.024991,+4.646435E+00
-2.585938,0.025745,+4.633873E+00
-2.582031,0.026373,+4.633873E+00
-2.578125,0.026122,+4.633873E+00
-2.574219,0.026122,+4.646435E+00
-2.570313,0.026499,+4.633873E+00
-2.566406,0.027001,+4.633873E+00
-2.5625,0.027378,+4.633873E+00
-2.558594,0.027504,+4.633873E+00
-2.554688,0.027127,+4.633873E+00
-2.550781,0.027378,+4.633873E+00
-2.546875,0.028132,+4.646435E+00
-2.542969,0.028635,+4.633873E+00
-2.539063,0.028886,+4.633873E+00
-2.535156,0.029137,+4.646435E+00
-2.53125,0.029514,+4.633873E+00
-2.527344,0.030016,+4.633873E+00
-2.523438,0.030268,+4.633873E+00
-2.519531,0.030393,+4.646435E+00
-2.515625,0.030393,+4.646435E+00
-2.511719,0.030393,+4.633873E+00
-2.507813,0.031398,+4.646435E+00
-2.503906,0.032152,+4.633873E+00
-2.5,0.032278,+4.633873E+00
-2.496094,0.032278,+4.633873E+00
-2.492188,0.032906,+4.633873E+00
-2.488281,0.033032,+4.633873E+00
-2.484375,0.033534,+4.633873E+00
-2.480469,0.03366,+4.646435E+00
-2.476563,0.033408,+4.646435E+00
-2.472656,0.033911,+4.646435E+00
-2.46875,0.03479,+4.646435E+00
-2.464844,0.036298,+4.646435E+00
-2.460938,0.037429,+4.646435E+00
-2.457031,0.037303,+4.646435E+00
-2.453125,0.037052,+4.646435E+00
-2.449219,0.037554,+4.646435E+00
-2.445313,0.03881,+4.646435E+00
-2.441406,0.040067,+4.646435E+00
-2.4375,0.040444,+4.646435E+00
-2.433594,0.040067,+4.633873E+00
-2.429688,0.040946,+4.633873E+00
-2.425781,0.042202,+4.646435E+00
-2.421875,0.042579,+4.646435E+00
-2.417969,0.041072,+4.633873E+00
-2.414063,0.040067,+4.633873E+00
-2.410156,0.040569,+4.633873E+00
-2.40625,0.042077,+4.633873E+00
-2.402344,0.042454,+4.633873E+00
-2.398438,0.042202,+4.633873E+00
-2.394531,0.041323,+4.646435E+00
-2.390625,0.041072,+4.633873E+00
-2.386719,0.041449,+4.633873E+00
-2.382813,0.040946,+4.633873E+00
-2.378906,0.040695,+4.633873E+00
-2.375,0.041072,+4.633873E+00
-2.371094,0.044966,+4.646435E+00
-2.367188,0.056147,+4.633873E+00
-2.363281,0.051625,+4.633873E+00
-2.359375,0.052253,+4.633873E+00
-2.355469,0.055519,+4.633873E+00
-2.351563,0.05263,+4.633873E+00
-2.347656,0.055016,+4.633873E+00
-2.34375,0.057152,+4.633873E+00
-2.339844,0.060921,+4.633873E+00
-2.335938,0.061675,+4.633873E+00
-2.332031,0.083408,+4.633873E+00
-2.328125,0.130016,+4.633873E+00
-2.324219,0.162931,+4.633873E+00
-2.320313,0.145343,+4.646435E+00
-2.316406,0.109162,+4.633873E+00
-2.3125,0.135795,+4.646435E+00
-2.308594,0.197604,+4.633873E+00
-2.304688,0.197856,+4.633873E+00
-2.300781,0.138182,+4.646435E+00
-2.296875,0.089187,+4.646435E+00
-2.292969,0.088685,+4.646435E+00
-2.289063,0.096348,+4.646435E+00
-2.285156,0.096725,+4.646435E+00
-2.28125,0.102378,+4.633873E+00
-2.277344,0.116197,+4.646435E+00
-2.273438,0.159037,+4.646435E+00
-2.269531,0.17763,+4.646435E+00
-2.265625,0.192705,+4.646435E+00
-2.261719,0.178132,+4.646435E+00
-2.257813,0.164439,+4.633873E+00
-2.253906,0.16871,+4.633873E+00
-2.25,0.206273,+4.633873E+00
-2.246094,0.246851,+4.646435E+00
-2.242188,0.257403,+4.646435E+00
-2.238281,0.25464,+4.646435E+00
-2.234375,0.212554,+4.646435E+00
-2.230469,0.201876,+4.633873E+00
-2.226563,0.223233,+4.646435E+00
-2.222656,0.212303,+4.646435E+00
-2.21875,0.197604,+4.646435E+00
-2.214844,0.239815,+4.633873E+00
-2.210938,0.256147,+4.633873E+00
-2.207031,0.245469,+4.646435E+00
-2.203125,0.209916,+4.646435E+00
-2.199219,0.218459,+4.646435E+00
-2.195313,0.208408,+4.646435E+00
-2.191406,0.18881,+4.646435E+00
-2.1875,0.182152,+4.646435E+00
-2.183594,0.181273,+4.633873E+00
-2.179688,0.211675,+4.633873E+00
-2.175781,0.185167,+4.646435E+00
-2.171875,0.202504,+4.646435E+00
-2.167969,0.196725,+4.646435E+00
-2.164063,0.195469,+4.646435E+00
-2.160156,0.208911,+4.646435E+00
-2.15625,0.199238,+4.633873E+00
-2.152344,0.191072,+4.646435E+00
-2.148438,0.149363,+4.646435E+00
-2.144531,0.157403,+4.646435E+00
-2.140625,0.206273,+4.646435E+00
-2.136719,0.165067,+4.646435E+00
-2.132813,0.152504,+4.646435E+00
-2.128906,0.151122,+4.646435E+00
-2.125,0.133534,+4.646435E+00
-2.121094,0.137554,+4.646435E+00
-2.117188,0.128258,+4.646435E+00
-2.113281,0.117579,+4.646435E+00
-2.109375,0.121851,+4.633873E+00
-2.105469,0.113685,+4.633873E+00
-2.101563,0.098861,+4.646435E+00
-2.097656,0.093961,+4.646435E+00
-2.09375,0.108283,+4.633873E+00
-2.089844,0.103635,+4.646435E+00
-2.085938,0.098107,+4.646435E+00
-2.082031,0.094966,+4.646435E+00
-2.078125,0.098986,+4.633873E+00
-2.074219,0.103635,+4.633873E+00
-2.070313,0.100871,+4.646435E+00
-2.066406,0.093459,+4.646435E+00
-2.0625,0.088057,+4.646435E+00
-2.058594,0.077504,+4.646435E+00
-2.054688,0.070217,+4.633873E+00
-2.050781,0.073735,+4.646435E+00
-2.046875,0.077504,+4.646435E+00
-2.042969,0.08479,+4.646435E+00
-2.039063,0.087177,+4.646435E+00
-2.035156,0.077755,+4.646435E+00
-2.03125,0.077504,+4.646435E+00
-2.027344,0.07675,+4.646435E+00
-2.023438,0.081022,+4.646435E+00
-2.019531,0.079514,+4.633873E+00
-2.015625,0.076625,+4.633873E+00
-2.011719,0.078258,+4.633873E+00
-2.007813,0.072981,+4.633873E+00
-2.003906,0.069464,+4.633873E+00
-2.0,0.064564,+4.633873E+00
-1.996094,0.062303,+4.633873E+00
-1.992188,0.063308,+4.633873E+00
-1.988281,0.058534,+4.633873E+00
-1.984375,0.05665,+4.646435E+00
-1.980469,0.05464,+4.646435E+00
-1.976563,0.053006,+4.646435E+00
-1.972656,0.05175,+4.646435E+00
-1.96875,0.052127,+4.646435E+00
-1.964844,0.05062,+4.646435E+00
-1.960938,0.049866,+4.646435E+00
-1.957031,0.048484,+4.646435E+00
-1.953125,0.047102,+4.646435E+00
-1.949219,0.048986,+4.646435E+00
-1.945313,0.048107,+4.646435E+00
-1.941406,0.046348,+4.646435E+00
-1.9375,0.045594,+4.646435E+00
-1.933594,0.045343,+4.646435E+00
-1.929688,0.047604,+4.646435E+00
-1.925781,0.048735,+4.646435E+00
-1.921875,0.047604,+4.646435E+00
-1.917969,0.04773,+4.646435E+00
-1.914063,0.04572,+4.646435E+00
-1.910156,0.045092,+4.646435E+00
-1.90625,0.047353,+4.646435E+00
-1.902344,0.047353,+4.646435E+00
-1.898438,0.046976,+4.646435E+00
-1.894531,0.045594,+4.646435E+00
-1.890625,0.044589,+4.646435E+00
-1.886719,0.043584,+4.646435E+00
-1.882813,0.040821,+4.646435E+00
-1.878906,0.039062,+4.646435E+00
-1.875,0.036926,+4.646435E+00
-1.871094,0.035167,+4.646435E+00
-1.867188,0.034916,+4.646435E+00
-1.863281,0.034916,+4.646435E+00
-1.859375,0.033785,+4.646435E+00
-1.855469,0.033032,+4.646435E+00
-1.851563,0.032278,+4.646435E+00
-1.847656,0.032278,+4.646435E+00
-1.84375,0.031901,+4.646435E+00
-1.839844,0.031147,+4.646435E+00
-1.835938,0.030393,+4.633873E+00
-1.832031,0.030016,+4.633873E+00
-1.828125,0.02964,+4.646435E+00
-1.824219,0.029514,+4.633873E+00
-1.820313,0.029137,+4.633873E+00
-1.816406,0.028509,+4.646435E+00
-1.8125,0.027881,+4.646435E+00
-1.808594,0.027881,+4.646435E+00
-1.804688,0.028132,+4.646435E+00
-1.800781,0.027755,+4.646435E+00
-1.796875,0.026876,+4.646435E+00
-1.792969,0.026248,+4.646435E+00
-1.789063,0.026373,+4.646435E+00
-1.785156,0.027001,+4.646435E+00
-1.78125,0.027127,+4.633873E+00
-1.777344,0.026876,+4.646435E+00
-1.773438,0.026373,+4.646435E+00
-1.769531,0.026248,+4.646435E+00
-1.765625,0.026373,+4.646435E+00
-1.761719,0.026248,+4.646435E+00
-1.757813,0.025871,+4.646435E+00
-1.753906,0.025368,+4.646435E+00
-1.75,0.025368,+4.646435E+00
-1.746094,0.02562,+4.646435E+00
-1.742188,0.02562,+4.646435E+00
-1.738281,0.025117,+4.633873E+00
-1.734375,0.024614,+4.633873E+00
-1.730469,0.024489,+4.646435E+00
-1.726563,0.02474,+4.646435E+00
-1.722656,0.024866,+4.646435E+00
-1.71875,0.02474,+4.646435E+00
-1.714844,0.024363,+4.646435E+00
-1.710938,0.024238,+4.646435E+00
-1.707031,0.024489,+4.633873E+00
-1.703125,0.02474,+4.646435E+00
-1.699219,0.024614,+4.646435E+00
-1.695313,0.024238,+4.633873E+00
-1.691406,0.023986,+4.633873E+00
-1.6875,0.024238,+4.633873E+00
-1.683594,0.024489,+4.633873E+00
-1.679688,0.024363,+4.633873E+00
-1.675781,0.023986,+4.633873E+00
-1.671875,0.023735,+4.633873E+00
-1.667969,0.023861,+4.633873E+00
-1.664063,0.024112,+4.633873E+00
-1.660156,0.023986,+4.633873E+00
-1.65625,0.023609,+4.633873E+00
-1.652344,0.023358,+4.633873E+00
-1.648438,0.023484,+4.633873E+00
-1.644531,0.023735,+4.633873E+00
-1.640625,0.023735,+4.633873E+00
-1.636719,0.023358,+4.633873E+00
-1.632813,0.023107,+4.633873E+00
-1.628906,0.023107,+4.633873E+00
-1.625,0.023233,+4.633873E+00
-1.621094,0.023233,+4.633873E+00
-1.617188,0.02273,+4.646435E+00
-1.613281,0.022353,+4.633873E+00
-1.609375,0.022479,+4.646435E+00
-1.605469,0.02273,+4.646435E+00
-1.601563,0.022604,+4.646435E+00
-1.597656,0.022353,+4.646435E+00
-1.59375,0.021976,+4.646435E+00
-1.589844,0.021976,+4.646435E+00
-1.585938,0.022102,+4.646435E+00
-1.582031,0.022228,+4.646435E+00
-1.578125,0.021976,+4.646435E+00
-1.574219,0.021599,+4.633873E+00
-1.570313,0.021599,+4.646435E+00
-1.566406,0.021851,+4.646435E+00
-1.5625,0.021976,+4.646435E+00
-1.558594,0.021725,+4.646435E+00
-1.554688,0.021348,+4.633873E+00
-1.550781,0.021348,+4.633873E+00
-1.546875,0.021599,+4.633873E+00
-1.542969,0.021725,+4.633873E+00
-1.539063,0.021474,+4.633873E+00
-1.535156,0.021097,+4.633873E+00
-1.53125,0.020971,+4.633873E+00
-1.527344,0.021223,+4.633873E+00
-1.523438,0.021348,+4.633873E+00
-1.519531,0.021097,+4.633873E+00
-1.515625,0.020846,+4.633873E+00
-1.511719,0.02072,+4.633873E+00
-1.507813,0.020971,+4.633873E+00
-1.503906,0.021223,+4.646435E+00
-1.5,0.021097,+4.646435E+00
-1.496094,0.020846,+4.633873E+00
-1.492188,0.020594,+4.633873E+00
-1.488281,0.02072,+4.633873E+00
-1.484375,0.020971,+4.646435E+00
-1.480469,0.020971,+4.646435E+00
-1.476563,0.020594,+4.646435E+00
-1.472656,0.020469,+4.633873E+00
-1.46875,0.020594,+4.633873E+00
-1.464844,0.020846,+4.646435E+00
-1.460938,0.020846,+4.633873E+00
-1.457031,0.020594,+4.646435E+00
-1.453125,0.020343,+4.646435E+00
-1.449219,0.020469,+4.633873E+00
-1.445313,0.02072,+4.633873E+00
-1.441406,0.02072,+4.633873E+00
-1.4375,0.020469,+4.633873E+00
-1.433594,0.020092,+4.633873E+00
-1.429688,0.020217,+4.633873E+00
-1.425781,0.020469,+4.633873E+00
-1.421875,0.020594,+4.633873E+00
-1.417969,0.020343,+4.646435E+00
-1.414063,0.019966,+4.646435E+00
-1.410156,0.019966,+4.646435E+00
-1.40625,0.020343,+4.633873E+00
-1.402344,0.020469,+4.633873E+00
-1.398438,0.020343,+4.633873E+00
-1.394531,0.020092,+4.633873E+00
-1.390625,0.019966,+4.633873E+00
-1.386719,0.020217,+4.633873E+00
-1.382813,0.020469,+4.633873E+00
-1.378906,0.020343,+4.633873E+00
-1.375,0.019966,+4.633873E+00
-1.371094,0.019841,+4.646435E+00
-1.367188,0.020092,+4.646435E+00
-1.363281,0.020217,+4.646435E+00
-1.359375,0.020092,+4.646435E+00
-1.355469,0.019715,+4.646435E+00
-1.351563,0.019589,+4.646435E+00
-1.347656,0.019715,+4.633873E+00
-1.34375,0.019966,+4.646435E+00
-1.339844,0.019966,+4.646435E+00
-1.335938,0.019715,+4.646435E+00
-1.332031,0.019589,+4.646435E+00
-1.328125,0.019841,+4.646435E+00
-1.324219,0.020343,+4.646435E+00
-1.320313,0.020594,+4.633873E+00
-1.316406,0.020469,+4.633873E+00
-1.3125,0.02072,+4.633873E+00
-1.308594,0.021348,+4.646435E+00
-1.304688,0.022102,+4.646435E+00
-1.300781,0.022604,+4.646435E+00
-1.296875,0.022604,+4.646435E+00
-1.292969,0.022856,+4.646435E+00
-1.289063,0.023609,+4.646435E+00
-1.285156,0.024363,+4.646435E+00
-1.28125,0.024866,+4.646435E+00
-1.277344,0.024991,+4.646435E+00
-1.273438,0.024991,+4.646435E+00
-1.269531,0.025871,+4.646435E+00
-1.265625,0.027127,+4.646435E+00
-1.261719,0.028258,+4.646435E+00
-1.257813,0.029011,+4.646435E+00
-1.253906,0.029263,+4.646435E+00
-1.25,0.029765,+4.646435E+00
-1.246094,0.031147,+4.646435E+00
-1.242188,0.032027,+4.633873E+00
-1.238281,0.032655,+4.646435E+00
-1.234375,0.032655,+4.646435E+00
-1.230469,0.033785,+4.646435E+00
-1.226563,0.03479,+4.646435E+00
-1.222656,0.034916,+4.633873E+00
-1.21875,0.035042,+4.646435E+00
-1.214844,0.033911,+4.646435E+00
-1.210938,0.034037,+4.646435E+00
-1.207031,0.034916,+4.646435E+00
-1.203125,0.035921,+4.646435E+00
-1.199219,0.0368,+4.646435E+00
-1.195313,0.040695,+4.646435E+00
-1.191406,0.041951,+4.633873E+00
-1.1875,0.041072,+4.646435E+00
-1.183594,0.039313,+4.633873E+00
-1.179688,0.036298,+4.633873E+00
-1.175781,0.034916,+4.633873E+00
-1.171875,0.03479,+4.633873E+00
-1.167969,0.039313,+4.633873E+00
-1.164063,0.037303,+4.633873E+00
-1.160156,0.036047,+4.633873E+00
-1.15625,0.034916,+4.633873E+00
-1.152344,0.034539,+4.646435E+00
-1.148438,0.033785,+4.646435E+00
-1.144531,0.033534,+4.646435E+00
-1.140625,0.032403,+4.646435E+00
-1.136719,0.031273,+4.633873E+00
-1.132813,0.030896,+4.646435E+00
-1.128906,0.031901,+4.633873E+00
-1.125,0.031901,+4.646435E+00
-1.121094,0.031524,+4.646435E+00
-1.117188,0.030896,+4.633873E+00
-1.113281,0.030142,+4.633873E+00
-1.109375,0.030142,+4.633873E+00
-1.105469,0.030896,+4.646435E+00
-1.101563,0.031775,+4.646435E+00
-1.097656,0.031901,+4.633873E+00
-1.09375,0.031398,+4.646435E+00
-1.089844,0.032906,+4.646435E+00
-1.085938,0.033283,+4.646435E+00
-1.082031,0.033283,+4.633873E+00
-1.078125,0.032906,+4.633873E+00
-1.074219,0.031775,+4.646435E+00
-1.070313,0.031398,+4.646435E+00
-1.066406,0.031775,+4.646435E+00
-1.0625,0.031901,+4.646435E+00
-1.058594,0.031273,+4.633873E+00
-1.054688,0.030645,+4.633873E+00
-1.050781,0.030393,+4.633873E+00
-1.046875,0.032529,+4.633873E+00
-1.042969,0.033408,+4.633873E+00
-1.039063,0.03278,+4.633873E+00
-1.035156,0.031901,+4.633873E+00
-1.03125,0.03077,+4.646435E+00
-1.027344,0.030645,+4.646435E+00
-1.023438,0.03077,+4.646435E+00
-1.019531,0.030393,+4.646435E+00
-1.015625,0.029891,+4.646435E+00
-1.011719,0.029514,+4.646435E+00
-1.007813,0.02964,+4.633873E+00
-1.003906,0.029765,+4.646435E+00
-1.0,0.029514,+4.646435E+00
-0.996094,0.029011,+4.646435E+00
-0.992188,0.028383,+4.646435E+00
-0.988281,0.028132,+4.646435E+00
-0.984375,0.028258,+4.646435E+00
-0.980469,0.028383,+4.646435E+00
-0.976563,0.02763,+4.646435E+00
-0.972656,0.027127,+4.646435E+00
-0.96875,0.027001,+4.646435E+00
-0.964844,0.027127,+4.646435E+00
-0.960938,0.027001,+4.646435E+00
-0.957031,0.026499,+4.646435E+00
-0.953125,0.025996,+4.646435E+00
-0.949219,0.025871,+4.646435E+00
-0.945313,0.025996,+4.646435E+00
-0.941406,0.025117,+4.646435E+00
-0.9375,0.024363,+4.646435E+00
-0.933594,0.024238,+4.646435E+00
-0.929688,0.023986,+4.646435E+00
-0.925781,0.024238,+4.646435E+00
-0.921875,0.024614,+4.646435E+00
-0.917969,0.025368,+4.646435E+00
-0.914063,0.024866,+4.646435E+00
-0.910156,0.024866,+4.646435E+00
-0.90625,0.025243,+4.646435E+00
-0.902344,0.025745,+4.646435E+00
-0.898438,0.026122,+4.646435E+00
-0.894531,0.025368,+4.646435E+00
-0.890625,0.025368,+4.646435E+00
-0.886719,0.025117,+4.646435E+00
-0.882813,0.024866,+4.646435E+00
-0.878906,0.024489,+4.646435E+00
-0.875,0.025243,+4.646435E+00
-0.871094,0.025117,+4.646435E+00
-0.867188,0.025117,+4.646435E+00
-0.863281,0.024991,+4.646435E+00
-0.859375,0.024614,+4.646435E+00
-0.855469,0.023861,+4.646435E+00
-0.851563,0.023735,+4.646435E+00
-0.847656,0.024363,+4.646435E+00
-0.84375,0.02474,+4.646435E+00
-0.839844,0.026373,+4.646435E+00
-0.835938,0.028132,+4.646435E+00
-0.832031,0.028886,+4.646435E+00
-0.828125,0.030142,+4.646435E+00
-0.824219,0.031524,+4.646435E+00
-0.820313,0.032278,+4.646435E+00
-0.816406,0.032655,+4.646435E+00
-0.8125,0.03278,+4.646435E+00
-0.808594,0.034037,+4.646435E+00
-0.804688,0.034413,+4.646435E+00
-0.800781,0.033157,+4.646435E+00
-0.796875,0.033283,+4.646435E+00
-0.792969,0.033283,+4.646435E+00
-0.789063,0.033283,+4.646435E+00
-0.785156,0.033032,+4.633873E+00
-0.78125,0.042454,+4.646435E+00
-0.777344,0.037177,+4.646435E+00
-0.773438,0.042328,+4.646435E+00
-0.769531,0.043207,+4.646435E+00
-0.765625,0.041826,+4.646435E+00
-0.761719,0.056398,+4.646435E+00
-0.757813,0.062429,+4.646435E+00
-0.753906,0.079765,+4.646435E+00
-0.75,0.075871,+4.646435E+00
-0.746094,0.071223,+4.646435E+00
-0.742188,0.075996,+4.646435E+00
-0.738281,0.069338,+4.646435E+00
-0.734375,0.080896,+4.646435E+00
-0.730469,0.095092,+4.646435E+00
-0.726563,0.092077,+4.646435E+00
-0.722656,0.111047,+4.646435E+00
-0.71875,0.104891,+4.646435E+00
-0.714844,0.118207,+4.646435E+00
-0.710938,0.178635,+4.646435E+00
-0.707031,0.217956,+4.646435E+00
-0.703125,0.210418,+4.646435E+00
-0.699219,0.20263,+4.646435E+00
-0.695313,0.16067,+4.646435E+00
-0.691406,0.169087,+4.646435E+00
-0.6875,0.20665,+4.646435E+00
-0.683594,0.225996,+4.646435E+00
-0.679688,0.204765,+4.646435E+00
-0.675781,0.178509,+4.646435E+00
-0.671875,0.174991,+4.646435E+00
-0.667969,0.191951,+4.646435E+00
-0.664063,0.173609,+4.646435E+00
-0.660156,0.188936,+4.646435E+00
-0.65625,0.182655,+4.646435E+00
-0.652344,0.222228,+4.646435E+00
-0.648438,0.223609,+4.633873E+00
-0.644531,0.226122,+4.646435E+00
-0.640625,0.181524,+4.646435E+00
-0.636719,0.189313,+4.646435E+00
-0.632813,0.156901,+4.646435E+00
-0.628906,0.122479,+4.646435E+00
-0.625,0.136172,+4.646435E+00
-0.621094,0.139062,+4.646435E+00
-0.617188,0.139815,+4.646435E+00
-0.613281,0.118082,+4.646435E+00
-0.609375,0.105142,+4.646435E+00
-0.605469,0.097353,+4.646435E+00
-0.601563,0.100243,+4.646435E+00
-0.597656,0.095971,+4.646435E+00
-0.59375,0.094087,+4.646435E+00
-0.589844,0.092579,+4.646435E+00
-0.585938,0.087429,+4.646435E+00
-0.582031,0.082906,+4.646435E+00
-0.578125,0.078635,+4.646435E+00
-0.574219,0.082655,+4.646435E+00
-0.570313,0.079891,+4.646435E+00
-0.566406,0.078383,+4.646435E+00
-0.5625,0.074991,+4.646435E+00
-0.558594,0.071851,+4.646435E+00
-0.554688,0.068459,+4.646435E+00
-0.550781,0.068082,+4.646435E+00
-0.546875,0.069715,+4.646435E+00
-0.542969,0.068836,+4.646435E+00
-0.539063,0.066323,+4.646435E+00
-0.535156,0.065318,+4.646435E+00
-0.53125,0.061424,+4.646435E+00
-0.527344,0.058911,+4.646435E+00
-0.523438,0.059162,+4.646435E+00
-0.519531,0.056398,+4.646435E+00
-0.515625,0.054011,+4.646435E+00
-0.511719,0.053635,+4.646435E+00
-0.507813,0.052504,+4.646435E+00
-0.503906,0.05263,+4.646435E+00
-0.5,0.050871,+4.646435E+00
-0.496094,0.049112,+4.646435E+00
-0.492188,0.048107,+4.646435E+00
-0.488281,0.048986,+4.646435E+00
-0.484375,0.048358,+4.646435E+00
-0.480469,0.045343,+4.646435E+00
-0.476563,0.043584,+4.646435E+00
-0.472656,0.042454,+4.646435E+00
-0.46875,0.042705,+4.646435E+00
-0.464844,0.042328,+4.646435E+00
-0.460938,0.041826,+4.646435E+00
-0.457031,0.040946,+4.646435E+00
-0.453125,0.040318,+4.646435E+00
-0.449219,0.040318,+4.646435E+00
-0.445313,0.039062,+4.646435E+00
-0.441406,0.039815,+4.633873E+00
-0.4375,0.03969,+4.646435E+00
-0.433594,0.040821,+4.646435E+00
-0.429688,0.040946,+4.646435E+00
-0.425781,0.040192,+4.646435E+00
-0.421875,0.038434,+4.646435E+00
-0.417969,0.037177,+4.646435E+00
-0.414063,0.036172,+4.646435E+00
-0.410156,0.035418,+4.646435E+00
-0.40625,0.035167,+4.633873E+00
-0.402344,0.035042,+4.646435E+00
-0.398438,0.03479,+4.646435E+00
-0.394531,0.034288,+4.646435E+00
-0.390625,0.035418,+4.646435E+00
-0.386719,0.035167,+4.646435E+00
-0.382813,0.034162,+4.646435E+00
-0.378906,0.032906,+4.633873E+00
-0.375,0.032027,+4.633873E+00
-0.371094,0.031022,+4.646435E+00
-0.367188,0.030393,+4.646435E+00
-0.363281,0.030645,+4.646435E+00
-0.359375,0.029011,+4.646435E+00
-0.355469,0.027378,+4.646435E+00
-0.351563,0.027253,+4.646435E+00
-0.347656,0.027127,+4.646435E+00
-0.34375,0.027127,+4.646435E+00
-0.339844,0.02675,+4.646435E+00
-0.335938,0.025871,+4.646435E+00
-0.332031,0.025368,+4.646435E+00
-0.328125,0.025117,+4.646435E+00
-0.324219,0.025243,+4.646435E+00
-0.320313,0.025243,+4.646435E+00
-0.316406,0.02474,+4.646435E+00
-0.3125,0.024363,+4.646435E+00
-0.308594,0.024363,+4.646435E+00
-0.304688,0.024614,+4.646435E+00
-0.300781,0.024614,+4.646435E+00
-0.296875,0.024363,+4.646435E+00
-0.292969,0.023986,+4.646435E+00
-0.289063,0.023861,+4.646435E+00
-0.285156,0.024112,+4.646435E+00
-0.28125,0.024112,+4.646435E+00
-0.277344,0.023735,+4.646435E+00
-0.273438,0.023233,+4.646435E+00
-0.269531,0.023233,+4.646435E+00
-0.265625,0.023484,+4.646435E+00
-0.261719,0.023484,+4.646435E+00
-0.257813,0.023107,+4.646435E+00
-0.253906,0.02273,+4.646435E+00
-0.25,0.022604,+4.646435E+00
-0.246094,0.022856,+4.646435E+00
-0.242188,0.022856,+4.646435E+00
-0.238281,0.022604,+4.646435E+00
-0.234375,0.022102,+4.646435E+00
-0.230469,0.021976,+4.646435E+00
-0.226563,0.022102,+4.646435E+00
-0.222656,0.022228,+4.646435E+00
-0.21875,0.021976,+4.646435E+00
-0.214844,0.021474,+4.646435E+00
-0.210938,0.021223,+4.646435E+00
-0.207031,0.021474,+4.646435E+00
-0.203125,0.021599,+4.646435E+00
-0.199219,0.021348,+4.633873E+00
-0.195313,0.020971,+4.633873E+00
-0.191406,0.02072,+4.633873E+00
-0.1875,0.020846,+4.633873E+00
-0.183594,0.020971,+4.633873E+00
-0.179688,0.020846,+4.646435E+00
-0.175781,0.020594,+4.646435E+00
-0.171875,0.020343,+4.633873E+00
-0.167969,0.020343,+4.633873E+00
-0.164063,0.020594,+4.633873E+00
-0.160156,0.020594,+4.633873E+00
-0.15625,0.020217,+4.646435E+00
-0.152344,0.019966,+4.633873E+00
-0.148438,0.019966,+4.646435E+00
-0.144531,0.020217,+4.633873E+00
-0.140625,0.020217,+4.646435E+00
-0.136719,0.019841,+4.633873E+00
-0.132813,0.019464,+4.633873E+00
-0.128906,0.019464,+4.633873E+00
-0.125,0.019589,+4.646435E+00
-0.121094,0.019589,+4.646435E+00
-0.117188,0.019212,+4.633873E+00
-0.113281,0.018961,+4.633873E+00
-0.109375,0.018836,+4.633873E+00
-0.105469,0.019087,+4.633873E+00
-0.101563,0.019087,+4.633873E+00
-0.097656,0.018836,+4.633873E+00
-0.09375,0.018459,+4.633873E+00
-0.089844,0.018459,+4.633873E+00
-0.085938,0.01871,+4.646435E+00
-0.082031,0.01871,+4.646435E+00
-0.078125,0.018584,+4.646435E+00
-0.074219,0.018207,+4.646435E+00
-0.070313,0.018082,+4.646435E+00
-0.066406,0.018333,+4.646435E+00
-0.0625,0.018459,+4.646435E+00
-0.058594,0.018333,+4.646435E+00
-0.054688,0.017956,+4.646435E+00
-0.050781,0.017831,+4.646435E+00
-0.046875,0.017956,+4.646435E+00
-0.042969,0.018082,+4.646435E+00
-0.039063,0.017956,+4.646435E+00
-0.035156,0.017705,+4.646435E+00
-0.03125,0.017454,+4.646435E+00
-0.027344,0.017705,+4.646435E+00
-0.023438,0.017956,+4.646435E+00
-0.019531,0.017831,+4.646435E+00
-0.015625,0.017579,+4.633873E+00
-0.011719,0.017328,+4.646435E+00
-0.007813,0.017328,+4.646435E+00
-0.003906,0.017579,+4.646435E+00
